h,POROSITY,K,SORT(k/POR),kUwi/Uoi,Sw,T,API,PI,Bp,Pep,PVPa,Uoi,Ubp,Uoa,Uw,Rsi,Rsb,Rsa,BoJ,Bob,Boa,OOIP,REC,OOIPCALC
34.0000,0.1720,289.0000,40.9900,284.5500,0.1650,143.0000,31.6000,2715.0000,1100.0000,2500.0000,1.0900,3.2500,2.8000,3.2000,0.6450,254.0000,254.0000,254.0000,1.2560,1.2290,1.2530,896.0000,272.0000,887.1050
6.0000,0.2690,243.0000,30.0600,322.2400,0.3000,210.0000,41.0000,3720.0000,3690.0000,1485.0000,2.5100,0.4600,0.4700,0.6100,0.3160,842.0000,842.0000,304.0000,1.4570,1.4530,1.1920,1007.0000,277.0000,1002.6300
23.0000,0.1310,76.4000,24.1500,67.4500,0.2300,252.0000,35.8000,2774.0000,262.0000,1600.0000,1.7300,1.2800,1.0200,1.1300,0.2390,0.0000,60.0000,0.0000,1.1110,1.1370,1.1230,715.0000,214.0000,704.3650
6.0000,0.1680,200.0000,32.6200,160.7000,0.3500,117.0000,33.6000,1400.0000,80.0000,730.0000,1.9200,4.3000,4.0000,4.1000,0.6280,10.0000,10.0000,0.0000,1.0200,0.0000,0.0000,955.0000,508.0000,929.4390
12.0000,0.2500,2000.0000,28.2800,189.1900,0.3000,182.0000,38.0000,4280.0000,3180.0000,3900.0000,1.1000,0.7400,0.5800,0.7000,0.4390,719.0000,719.0000,719.0000,1.2800,1.3700,1.3000,998.0000,550.0000,1060.6640
47.0000,0.3210,200.0000,24.9600,208.4500,0.2500,144.0000,20.6000,1799.0000,1739.0000,1500.0000,1.1800,6.2000,6.2000,6.4000,0.6090,193.0000,193.0000,178.0000,1.1010,1.2500,1.1000,1800.0000,1171.0000,1896.4020
59.0000,0.2800,1860.0000,81.5000,1981.1200,0.2800,191.0000,21.0000,4950.0000,3280.0000,3000.0000,1.6500,2.1500,2.1100,2.2900,0.3570,472.0000,472.0000,387.0000,1.2260,1.2260,1.5890,1251.0000,546.0000,1275.7040
25.0000,0.3000,1000.0000,57.7400,1309.5200,0.2000,180.0000,35.0000,4335.0000,4395.0000,3630.0000,1.1300,0.4200,0.4200,0.5500,0.4480,940.0000,940.0000,884.0000,1.4800,1.4800,1.5000,1275.0000,1050.0000,1275.2880
16.0000,0.2700,144.0000,23.0900,155.3700,0.2300,172.0000,25.0000,3754.0000,3754.0000,3400.0000,1.1000,1.1400,1.1400,1.2300,0.4650,565.0000,565.0000,504.0000,1.2620,1.2620,1.2430,1278.0000,1100.0000,1278.0410
60.0000,0.3000,25.8000,9.2700,34.0800,0.2500,178.0000,31.3000,4002.0000,4092.0000,2900.0000,1.4100,0.8100,0.8100,1.0700,0.4090,844.0000,844.0000,448.0000,1.2050,1.2050,1.2220,1348.0000,723.0000,1347.1930
58.0000,0.2820,250.0000,29.7700,365.0800,0.1780,210.0000,32.5000,4610.0000,4010.0000,2500.0000,1.8400,0.8300,0.8300,0.9200,0.3420,760.0000,760.0000,418.0000,1.1490,1.1490,1.2340,1289.0000,866.0000,1293.1930
48.0000,0.2300,2150.0000,96.7700,2128.5000,0.1000,169.0000,27.0000,3529.0000,3048.0000,3350.0000,1.0500,2.0000,1.9400,1.9800,0.5040,418.0000,418.0000,418.0000,1.3600,1.3600,1.2070,1333.0000,750.0000,1332.7020
16.0000,0.3090,210.0000,26.0700,273.0000,0.3000,134.0000,30.0000,1538.0000,1538.0000,10000.0000,1.5400,1.0000,1.0000,1.3000,0.6070,300.0000,300.0000,150.0000,1.6000,1.6000,1.0870,1459.0000,30.0000,941.2280
6.0000,0.3000,100.0000,16.2600,109.0000,0.4500,188.0000,36.0000,4282.0000,3500.0000,3000.0000,1.4200,0.5500,0.5000,0.6000,0.4020,750.0000,750.0000,640.0000,1.3600,1.3600,1.3300,909.0000,750.0000,941228.0000
18.0000,0.2500,200.0000,26.2600,210.0000,0.2500,192.0000,37.0000,4385.0000,4250.0000,4000.0000,1.0900,0.4000,0.4000,0.4200,0.3970,900.0000,900.0000,850.0000,1.6000,1.6000,1.5000,900.0000,718.0000,909.1410
28.0000,0.2800,400.0000,37.6000,372.0000,0.3000,200.0000,38.5000,4815.0000,3850.0000,3800.0000,1.2100,0.4300,0.4000,0.4000,0.3700,755.0000,755.0000,755.0000,1.3800,1.3800,1.3900,1100.0000,540.0000,1101.8610
24.0000,0.3000,200.0000,25.6200,200.0000,0.4000,220.0000,28.0000,10920.0000,7500.0000,10000.0000,1.0900,0.7000,0.4000,0.7000,0.3420,1200.0000,1200.0000,1200.0000,1.5100,1.5100,1.5200,924.0000,488.0000,924.7950
22.0000,0.2500,50.0000,14.1400,50.0000,0.5000,260.0000,25.5000,12800.0000,9920.0000,99999.0000,1.2800,0.4000,0.3000,0.4000,0.2870,1470.0000,1470.0000,1470.0000,1.5900,1.5900,1.6000,610.0000,342.0000,1101.8610
25.0000,0.1390,169.7000,34.9400,148.4900,0.3840,251.0000,48.0000,5680.0000,5075.0000,5350.0000,1.0600,0.0800,0.0700,0.0700,0.3590,2719.8000,2719.8000,2719.0000,2.6150,2.6150,2.6270,242.0000,158.0000,254.0230
82.0000,0.3240,1668.0000,71.7500,2502.0000,0.3700,178.0000,33.0000,2891.0000,2497.0000,1950.0000,1.3800,0.8000,0.8000,1.2000,0.4550,518.0000,518.0000,462.0000,1.2870,1.2870,1.3000,1250.0000,472.0000,1249.8520
12.0000,0.2900,2000.0000,830.5000,2344.8300,0.2900,190.0000,38.0000,3850.0000,2884.0000,1800.0000,2.0300,0.5800,0.4200,0.6800,0.4620,6280.0000,6280.0000,592.0000,1.3850,1.3850,1.3000,1153.0000,779.0000,1153.3370
71.0000,0.2000,370.0000,43.0100,303.5900,0.2240,252.0000,38.0000,5000.0000,3100.0000,2000.0000,2.5000,0.3900,0.2400,0.3200,0.2370,894.0000,894.0000,0.0000,1.5200,1.5200,1.3800,1300.0000,268.0000,792.1330
151.0000,0.2280,250.0000,33.1100,372.8800,0.1700,190.0000,35.0000,2450.0000,2480.0000,750.0000,3.2700,0.5900,0.5800,0.8800,0.3490,670.0000,670.0000,215.0000,1.4400,1.4400,1.1500,1035.0000,510.0000,1019.5310
112.0000,0.1540,66.0000,20.7000,135.7400,0.4000,230.0000,30.0000,4080.0000,4015.0000,1000.0000,4.0800,0.5300,0.5300,1.0900,0.2570,735.0000,735.0000,160.0000,1.4130,1.4130,1.1280,508.0000,189.0000,507.3170
16.0000,0.3100,474.0000,39.1000,484.3800,0.3300,180.0000,35.8000,2890.0000,887.0000,800.0000,4.4800,1.3700,1.3500,1.4000,0.3570,210.0000,210.0000,145.0000,1.1500,1.1500,1.1500,1401.0000,475.0000,1401.1820
98.0000,0.3200,300.0000,30.6200,342.6600,0.3000,206.0000,38.6000,4915.0000,4860.0000,4200.0000,1.1700,0.2800,0.2600,0.3200,0.3690,1194.0000,1194.0000,1080.0000,1.6230,1.6230,1.5300,1071.0000,493.0000,1070.7280
27.0000,0.2000,190.0000,30.8200,197.6000,0.2600,165.0000,39.3000,3283.0000,2800.0000,2350.0000,1.3900,0.5000,1.4800,0.5200,0.5190,701.0000,701.0000,566.0000,1.3500,1.3500,1.3000,828.0000,530.0000,827.5200
85.0000,0.3000,2000.0000,81.6500,2461.5400,0.1620,190.0000,34.1000,4309.0000,3020.0000,2500.0000,1.7200,0.6500,0.6000,0.8000,0.4290,825.0000,825.0000,525.0000,1.9500,1.9500,1.2500,1445.0000,840.0000,1444.7120
79.0000,0.2500,395.0000,39.7500,556.0900,0.2500,128.0000,27.3000,1750.0000,1750.0000,300.0000,5.8300,1.7900,1.7900,2.5200,0.6340,400.0000,400.0000,300.0000,1.2160,1.2160,1.0500,1198.0000,530.0000,1196.2380
14.5000,0.1640,390.0000,48.7700,342.8600,0.3060,208.0000,45.0000,3425.0000,1110.0000,220.0000,15.5700,0.9100,0.7300,0.8000,0.4310,288.0000,288.0000,130.0000,1.2480,1.2480,1.1400,708.0000,260.0000,707.5200
8.4000,0.3240,2360.0000,85.3500,2231.2700,0.2500,134.0000,27.1000,2585.0000,1000.0000,2000.0000,1.2900,4.9500,4.1800,4.0800,0.8840,640.0000,640.0000,840.0000,1.0600,1.0600,1.0700,1398.0000,650.0000,1778.4850
11.0000,0.3400,400.0000,34.3000,426.5700,0.2500,169.0000,29.0000,2750.0000,2750.0000,2600.0000,1.0600,1.4000,1.4000,1.5000,0.4820,4500.0000,4500.0000,420.0000,1.1900,1.1900,1.0500,1858.0000,950.0000,1682.4290
31.0000,0.2990,434.0000,38.1000,453.7300,0.2300,173.0000,36.0000,3485.0000,3485.0000,2800.9000,1.2400,0.4400,0.4400,0.4600,0.4050,750.0000,750.0000,850.0000,1.3700,1.3700,1.3000,1045.0000,811.0000,1309.7400
35.0000,0.2950,454.0000,39.2300,567.5000,0.4300,177.0000,38.0000,3500.0000,3500.0000,1800.0000,1.9400,0.4800,0.4800,0.6000,0.3381,880.0000,880.0000,720.0000,1.4000,1.4000,1.2000,1032.0000,892.0000,931.7910
8.0000,0.3100,795.0000,50.6400,939.5500,0.5300,163.0000,35.0000,3500.0000,3500.0000,2000.0000,1.7500,0.4400,0.4400,0.5200,0.4400,880.0000,880.0000,750.0000,1.1600,1.1600,1.2500,1537.0000,500.0000,790.4480
41.0000,0.3280,1200.0000,60.4900,1527.2700,0.2500,155.0000,36.0000,1800.0000,1800.0000,800.0000,2.2500,1.1000,1.1000,1.1000,0.4720,394.0000,394.0000,0.0000,1.2000,1.2000,1.1440,1592.0000,77.0000,1591.7180
20.0000,0.3400,583.0000,41.4100,664.3900,0.2400,149.0000,25.0000,235.0000,2325.0000,1900.0000,1.2200,2.3000,2.3000,2.7000,0.5070,200.0000,200.0000,260.0000,1.1800,1.1800,1.1300,1700.0000,750.0000,1728.1610
60.0000,0.3000,1000.0000,57.7400,1027.7800,0.3000,135.0000,25.0000,1980.1000,1960.0000,1850.0000,1.0600,3.6000,3.6000,3.7000,0.5590,251.0000,251.0000,240.0000,1.1000,1.1000,1.0900,1500.0000,950.0000,1467.7300
18.4000,0.3200,1200.0000,61.2400,2000.0000,0.2500,184.0000,40.0000,2400.0000,2490.0000,1800.0000,1.5800,0.3600,0.4000,0.6000,0.3880,600.0000,600.0000,400.0000,1.3440,1.3440,1.2500,1222.0000,907.0000,1385.3570
46.0000,0.2600,2200.0000,91.9900,2200.0000,0.1100,147.0000,21.0000,1985.0000,80.0000,1600.0000,1.9200,22.5000,22.5000,22.5000,0.4720,11.0000,11.0000,11.0000,1.0200,1.0200,1.0200,1800.0000,600.0000,1760.0010
600.0000,0.2750,3000.0000,104.4500,3000.0000,0.1300,168.0000,24.0000,1985.0000,1985.0000,1750.0000,1.1300,4.0000,4.0000,4.0000,0.3920,370.0000,370.0000,0.0000,1.2230,1.2230,1.1210,1530.0000,990.0000,1517.8830
9.0000,0.2900,1000.0000,56.7200,1098.5900,0.2100,178.0000,34.8000,3225.0000,225.0000,2600.0000,1.2400,0.7100,0.7100,0.7800,0.4780,585.0000,585.0000,432.0000,1.9100,1.9100,1.1790,1335.0000,750.0000,1335.3550
13.0000,0.2220,475.0000,46.2600,712.5000,0.2480,131.0000,38.0000,1115.0000,1115.0000,600.0000,1.8600,1.0000,1.0000,1.5000,0.5430,358.0000,0.0000,0.0000,1.2000,1.2000,0.0000,1028.0000,365.0000,1079.2930
121.0000,0.1470,193.0000,38.2300,162.9300,0.1180,105.0000,22.1000,1585.0000,800.0000,651.0000,0.4100,11.5000,10.8000,11.0000,0.7150,162.0000,162.0000,133.0000,1.0920,1.0920,1.1750,867.0000,158.0000,921.1130
33.0000,0.1590,140.0000,29.6700,103.1600,0.1120,112.0000,21.1000,1565.0000,750.0000,700.0000,2.2400,19.0000,13.8000,14.0000,0.8840,128.0000,128.0000,120.0000,1.0880,1.0880,1.0890,948.0000,166.0000,1006.7720
80.0000,0.2000,584.0000,54.0400,817.1600,0.4500,105.0000,35.0000,2000.0000,2000.0000,200.0000,10.0000,2.5000,2.5000,3.5000,0.8970,400.0000,400.0000,50.0000,1.1200,1.1200,1.0510,762.0000,125.0000,761.9460
17.0000,0.1900,58.0000,17.1700,56.0000,0.3500,123.0000,36.0000,1701.0000,750.0000,100.0000,17.0000,3.5000,3.5000,3.5000,0.5980,117.0000,117.0000,50.0000,1.0800,1.0800,1.0300,872.0000,135.0000,887.1420
46.0000,0.1250,23.0000,13.5800,48.0000,0.3000,123.0000,22.0000,1950.0000,1900.0000,100.0000,1014.0000,10.0000,9.0000,0.5000,0.5000,450.0000,450.0000,50.0000,1.2200,1.2200,0.1100,558.0000,480.0000,556.4140
48.0000,0.1700,168.0000,31.4400,156.2600,0.2900,214.0000,52.0000,4070.0000,477.0000,3560.0000,1.1400,0.4300,0.3200,0.4000,0.3160,139.0000,139.0000,140.0000,1.1770,1.1770,1.2200,796.0000,350.0000,795.5740
45.0000,0.1800,170.0000,30.7300,170.0000,0.2500,125.0000,38.0000,2800.0000,3000.0000,2000.0000,1.4000,3.0000,3.0000,0.3000,0.5800,3000.0000,3000.0000,501.0000,12.0000,12.0000,1.1000,875.0000,350.0000,872.7750
63.0000,0.1460,7.0000,6.9200,4.5700,0.3100,225.0000,80.0000,3638.0000,575.0000,3100.0000,1.1700,0.2300,0.1400,0.1500,0.2080,141.0000,141.0000,140.0000,1.2070,1.2070,1.2200,646.0000,122.0000,647.5070
6.0000,0.3500,847.0000,49.1900,1482.2500,0.3100,104.0000,19.0000,720.0000,720.0000,600.0000,1.2000,16.0000,16.0000,28.0000,0.7000,80.0000,0.0000,0.0000,1.0400,1.0400,1.0000,1801.0000,992.0000,1801.4970
18.0000,0.3200,600.0000,43.3000,2000.0000,0.4000,105.0000,20.0000,650.0000,650.0000,50.0000,13.0000,15.0000,15.0000,50.0000,0.7230,250.0000,0.0000,0.0000,1.1000,1.1000,1.0000,1350.0000,870.0000,1354.1240
14.0000,0.3200,450.0000,37.5000,531.8200,0.2800,209.0000,40.0000,3853.0000,2107.0000,1000.0000,3.6500,0.4400,0.3800,0.5200,0.3050,525.0000,525.0000,276.0000,1.9230,1.9230,1.2400,1351.0000,602.0000,1351.0530
10.0000,0.3400,850.0000,50.0000,1983.3300,0.4000,98.0000,20.0000,550.0000,500.0000,100.0000,5.5000,15.0000,15.0000,35.0000,0.7860,225.0000,225.0000,50.0000,1.0800,1.0800,1.0200,1493.0000,300.0000,1493.0490
9.0000,0.2900,164.0000,23.7800,191.8500,0.3400,158.0000,29.0000,2325.0000,2325.0000,1000.0000,2.3300,1.0800,1.0600,1.2400,0.4570,340.0000,340.0000,149.0000,1.2100,1.2100,1.1400,1257.0000,500.0000,1227.1750
16.0000,0.3100,349.0000,33.5500,370.8100,0.4000,174.0000,42.0000,2658.0000,2658.0000,2300.0000,1.1800,0.8000,0.8000,0.8500,0.4040,500.0000,500.0000,450.0000,1.3500,1.3500,1.3000,1089.0000,375.0000,1088.8800
11.0000,0.3020,634.0000,45.8200,675.8000,0.3100,171.0000,32.0000,2687.0000,2667.0000,1900.0000,1.4000,0.9100,0.9100,0.9700,0.4100,578.0000,578.0000,405.0000,1.4000,1.4000,1.3100,1155.0000,760.0000,1154.7230
47.5000,0.3190,1000.0000,55.9900,1136.3600,0.3300,160.0000,24.7000,2364.0000,2364.0000,1650.0000,1.4300,1.3200,1.3200,1.5000,0.4040,325.0000,325.0000,325.0000,1.1600,1.1600,1.1280,1429.0000,840.0000,1429.4120
35.0000,0.3500,600.0000,41.4000,2100.0000,0.3000,85.0000,20.0000,500.0000,500.0000,70.0000,7.1400,10.0000,10.0000,35.0000,0.9100,600.0000,600.0000,100.0000,1.1200,1.1200,1.0500,1897.0000,696.0000,1697.0630
23.0000,0.2980,200.0000,25.9100,248.4800,0.3500,178.0000,40.5000,2705.0000,2795.0000,1900.0000,1.4700,0.3300,0.3300,0.4100,0.3900,676.0000,676.0000,469.0000,1.3950,1.3950,1.3110,1077.0000,700.0000,1077.2220
32.0000,0.2850,1000.0000,59.2300,1142.8600,0.3000,105.0000,26.0000,8500.0000,850.0000,100.0000,8.5000,17.5000,17.5000,21.0000,0.7270,200.0000,200.0000,50.0000,1.0700,1.0700,1.0100,1446.0000,670.0000,1446.4680
16.0000,0.3500,5000.0000,119.5200,5454.5500,0.3500,179.0000,42.0000,2709.0000,2680.0000,2000.0000,1.4000,44.0000,0.4500,0.4800,0.4060,737.0000,737.0000,517.0000,1.3910,1.3910,1.3180,1257.0000,733.0000,1251.0540
42.0000,0.1100,39.0000,18.8300,46.0900,0.2600,130.0000,460.0000,3020.0000,1678.0000,1000.0000,9.0200,0.3300,0.2800,0.3900,0.5950,1046.0000,1046.0000,750.0000,1.5910,1.5910,1.4800,395.0000,174.0000,396.9216
50.0000,0.2770,500.0000,42.4900,526.3200,0.2250,164.0000,33.0000,2021.0000,0.0000,200.0000,10.1100,3.8000,0.0000,4.0000,0.5020,100.0000,100.0000,0.0000,1.1500,1.1500,1.0500,1433.0000,884.0000,1448.2180
27.0000,0.2580,572.0000,47.2700,0.0000,0.2000,159.0000,45.0000,1875.0000,0.0000,1550.0000,1.0800,0.5500,0.0000,0.0000,0.4820,403.0000,403.0000,0.0000,170.0000,170.0000,0.0000,1315.0000,679.0000,1251.0540
31.0000,0.2320,285.0000,35.0500,293.6400,0.3000,220.0000,39.0000,2805.0000,2580.0000,2700.0000,1.0600,0.3300,0.3500,0.3400,0.3050,720.0000,720.0000,100.0000,1.4000,1.4000,1.1200,900.0000,302.0000,899.9211
16.0000,0.2790,440.0000,39.7100,593.4900,0.2500,222.0000,41.8000,4500.0000,2000.0000,700.0000,8.4300,0.4300,0.3400,0.5800,0.2860,500.0000,500.0000,95.0000,180.0000,180.0000,1.1300,1258.0000,561.0000,1268.2510
23.1000,0.3200,1458.0000,67.5000,1574.6400,0.3000,202.0000,35.0000,3788.0000,3788.0000,2900.0000,1.3100,50.0000,0.5000,0.5400,0.3200,785.0000,785.0000,200.0000,1.4600,1.4600,1.1700,1190.0000,857.0000,1190.2680
10.0000,0.3000,600.0000,44.7200,240.0000,0.3500,164.0000,40.0000,2493.0000,1200.0000,300.0000,8.3100,2.5000,1.1000,1.0000,0.5030,195.0000,195.0000,175.0000,1.1500,1.1500,1.0500,1440.0000,666.0000,1440.7710
20.0000,0.1300,12.0000,9.6100,9.2700,0.4300,188.0000,38.0000,3730.0000,380.0000,250.0000,14.9200,2.2000,1.8000,1.7000,0.3400,84.0000,84.0000,60.0000,1.0900,1.1200,1.0900,527.0000,150.0000,1440.7710
280.0000,0.2450,500.0000,45.1800,576.1900,0.4300,135.0000,26.0000,1753.0000,1753.0000,1100.0000,1.5900,4.2000,4.2000,4.8400,0.5440,354.0000,354.0000,258.0000,1.1870,1.1870,1.1520,913.0000,280.0000,912.7250
98.0000,0.3100,400.0000,35.9200,486.3800,0.1900,168.0000,32.0000,3515.0000,3515.0000,2000.0000,1.7600,0.6800,0.8800,1.0700,0.4320,571.0000,571.0000,315.0000,1.2800,1.2800,1.1800,1522.0000,648.0000,1521.9010
19.0000,0.3100,300.0000,31.1100,300.0000,0.2000,162.0000,30.0000,3300.0000,2743.0000,2800.0000,1.1800,1.4000,1.4000,1.4000,0.4660,417.0000,417.0000,417.0000,1.0000,1.0000,1.0000,1603.0000,1052.0000,1023.9840
42.0000,0.3300,300.0000,30.1500,380.6700,0.2200,168.0000,32.0000,3400.0000,3400.0000,2000.0000,1.7000,0.8900,0.8900,1.0700,0.4330,582.0000,582.0000,344.0000,1.2850,1.2850,1.1950,1548.0000,1109.0000,1554.0150
24.0000,0.3100,300.0000,31.1100,407.8900,0.2400,168.0000,24.0000,3721.0000,3721.0000,2000.0000,1.8600,2.2800,2.2800,3.1000,0.4530,410.0000,410.0000,235.0000,1.1930,1.1930,1.1310,1504.0000,780.0000,1532.0910
18.0000,0.3100,300.0000,31.1100,485.7100,0.2700,158.0000,27.0000,3334.0000,3334.0000,1400.0000,2.3800,2.1000,2.1000,3.4000,0.4810,0.0000,0.0000,0.0000,1.1900,1.1900,1.1100,1475.0000,823.0000,1475.3240
35.0000,0.3200,1000.0000,55.9000,1000.0000,0.1000,175.0000,37.0000,3550.0000,3550.0000,3400.0000,1.0400,0.6000,0.6000,0.8000,0.4890,700.0000,700.0000,670.0000,1.3300,1.3300,1.3300,1880.0000,1370.0000,1679.9280
23.0000,0.3101,300.0000,31.1100,350.0000,0.3100,1167.0000,29.0000,3849.0000,36490.0000,2000.0000,1.8200,1.2000,1.2000,1.4000,0.4740,819.0000,819.0000,411.0000,1.2400,1.2400,1.1410,1338.0000,803.0000,1338.2550
24.0000,0.3300,1000.0000,55.0500,1000.0000,0.1460,150.0000,42.0000,4300.0000,4300.0000,4300.0000,1.0000,0.1700,0.1700,0.1700,0.4150,1580.0000,1580.0000,1580.0000,1.8320,1.8320,1.8320,1202.0000,902.0000,1201.8120
389.0000,0.2490,2000.0000,89.7100,2133.3300,0.0700,246.0000,33.0000,8830.0000,6630.0000,6200.0000,1.0700,0.1500,0.1500,0.1600,0.3450,1320.0000,1320.0000,1140.0000,1.6310,1.6310,1.5500,1099.0000,723.0000,1099.2720
36.0000,0.3200,1000.0000,55.9000,1000.0000,0.1000,158.0000,91.0000,3100.0000,1700.0000,3100.0000,1.0000,0.5000,0.5000,0.5000,0.5040,230.0000,230.0000,230.0000,1.1400,1.1400,1.1410,1980.0000,1470.0000,1959.9160
94.0000,0.2850,500.0000,41.8900,500.0000,0.1000,205.0000,92.0000,5100.0000,3020.0000,4000.0000,1.0400,0.6000,0.6000,0.8000,0.3770,700.0000,700.0000,700.0000,1.3800,1.3800,1.8320,1432.0000,1085.0000,1441.9760
18.0000,0.2230,100.0000,21.1800,188.4200,0.1800,267.0000,55.0000,7643.0000,59750.0000,3200.0000,2.3900,0.1900,0.1900,0.3200,0.3100,1350.0000,1350.0000,895.0000,1.7400,1.7400,1.3100,815.0000,445.0000,815.3030
30.3000,0.3000,800.0000,51.8400,800.0000,0.3800,140.0000,23.0000,1650.0000,480.0000,1500.0000,1.1000,24.0000,24.0000,24.0000,0.5510,759.0000,759.0000,75.0000,1.0500,1.0500,1.0500,1441.0000,144.0000,1374.2740
200.0000,244.0000,408.0000,40.8900,858.8000,0.2990,183.0000,40.0000,2928.0000,2928.0000,500.0000,5.8600,0.3000,0.3000,0.8300,0.3590,830.0000,830.0000,170.0000,1.4800,1.4800,1.1200,889.0000,259.0000,808.5040
38.0000,0.2900,4000.0000,117.4400,4000.0000,0.2500,165.0000,32.0000,3255.0000,3255.0000,3000.0000,1.0900,0.8000,0.8000,0.8000,0.4840,651.0000,651.0000,651.0000,1.2850,1.2850,1.8500,1348.0000,822.0000,1313.1250
40.0000,0.2240,401.0000,42.3100,574.7700,0.2180,188.0000,44.0000,2744.0000,2744.0000,300.0000,9.1500,30.0000,30.0000,0.4300,0.3470,958.0000,958.0000,255.0000,1.5118,1.5118,1.2150,889.0000,173.0000,888.8790
21.2000,0.1980,880.0000,57.7400,1129.1800,0.4350,118.0000,41.6000,1414.0000,1383.0000,1000.0000,14.1400,0.8300,0.8300,1.4200,0.7880,485.0000,485.0000,133.0000,1.2600,1.2600,1.1200,695.0000,187.0000,888.8000
13.2000,0.2210,648.0000,54.1500,1108.8300,0.4200,118.0000,41.0000,1414.0000,1383.0000,100.0000,14.1400,0.8300,0.8300,1.4200,0.7920,485.0000,485.0000,153.0000,1.2600,1.2600,1.1120,730.0000,125.0000,789.2230
240.0000,0.2940,2597.0000,93.9900,3165.0900,0.1700,135.0000,35.0000,1230.0000,1230.0000,50.0000,1.6400,1.6000,1.6000,1.9500,0.5010,298.0000,298.0000,200.0000,1.1800,1.1800,1.1400,1810.0000,1370.0000,1804.3280
28.0000,0.3300,2486.0000,88.7900,3018.7100,0.2500,144.0000,24.0000,1080.0000,1980.0000,1600.0000,1.2400,7.0000,7.0000,8.5000,0.5420,265.0000,265.0000,200.0000,1.1200,1.1200,1.1000,1714.0000,950.0000,1714.3790
28.0000,0.2890,1682.0000,76.2900,2204.0000,0.2000,172.0000,39.0000,2695.0000,2695.0000,2000.0000,1.3500,0.2900,0.2900,0.3800,0.4310,690.0000,690.0000,490.0000,1.9800,1.9800,1.2950,1308.0000,742.0000,1299.7460
27.0000,0.2880,1667.0000,76.0800,2083.9000,0.3700,180.0000,30.0000,2885.0000,2885.0000,2400.0000,1.2000,0.2100,0.2100,0.2600,0.4090,825.0000,825.0000,675.0000,1.4600,1.4600,1.3950,984.0000,617.0000,984.1170
35.0000,0.2980,972.0000,57.3000,999.7700,0.2260,214.0000,37.0000,3895.0000,3695.0000,3400.0000,1.0900,0.3500,0.3500,0.3800,0.2930,842.0000,842.0000,782.0000,1.5020,1.5020,1.4800,1190.0000,774.0000,1183.3480
39.0000,0.2520,2098.0000,91.2400,2031.7500,0.1410,140.0000,39.0000,1820.0000,755.0000,1190.0000,1.3800,0.9500,0.9500,0.9200,0.5190,385.0000,385.0000,385.0000,1.2200,1.2200,1.2400,1368.0000,1094.0000,1376.5240
336.0000,0.3100,900.0000,53.8800,900.0000,0.1950,160.0000,31.6000,2740.0000,2740.0000,2740.0000,1.0000,0.7500,0.7500,0.7500,0.4970,420.0000,420.0000,420.0000,1.2050,1.2050,1.2050,1864.0000,1039.0000,1606.6460
151.0000,0.3100,1095.0000,59.4300,1357.8000,0.2440,170.0000,31.6000,2740.0000,2740.0000,2000.0000,1.3700,0.7500,0.7500,0.9300,0.4580,485.0000,485.0000,343.0000,1.2290,1.2290,1.8200,1479.0000,805.0000,1479.3880
13.0000,0.3000,2700.0000,9497.0000,3115.3800,0.3000,157.0000,45.7000,2350.0000,2350.0000,1900.0000,1.2400,0.2800,0.2800,0.3000,0.5160,1030.0000,1030.0000,800.0000,1.5550,1.5550,1.4350,1048.0000,385.0000,1047.7040
12.0000,0.2500,1000.0000,63.2500,1120.0000,0.3000,171.0000,46.0000,2850.0000,2850.0000,2300.0000,1.3500,0.2500,0.2500,0.2800,0.4630,1170.0000,1170.0000,990.0000,1.8950,1.8950,1.5470,632.0000,333.0000,830.9670
215.0000,0.3300,870.0000,51.3500,1285.4500,0.2800,115.0000,24.5000,1150.0000,1150.0000,500.0000,2.3000,5.5000,5.5000,8.0000,0.7280,225.0000,225.0000,115.0000,1.1300,1.1300,1.0500,1631.0000,827.0000,1631.2400
285.0000,0.3400,2600.0000,87.4500,4680.0000,0.1500,105.0000,20.1000,1300.0000,1300.0000,500.0000,2.6000,25.0000,25.0000,45.0000,0.8120,146.0000,146.0000,50.0000,1.0880,1.0880,1.0460,2062.0000,1367.0000,2084.5140
81.0000,0.1550,100.0000,25.3800,100.0000,0.1000,85.0000,24.0000,1030.0000,50.0000,1030.0000,1.0000,35.0000,35.0000,35.0000,0.8940,15.0000,15.0000,15.0000,1.0150,1.0150,1.0150,1070.0000,584.0000,1087.6130
20.7000,0.1690,297.0000,41.9200,297.0000,0.1310,100.0000,33.7000,1616.0000,45.0000,100.0000,18.1600,3.8000,3.8000,3.6000,0.7520,2.0000,2.0000,2.0000,1.0200,1.0200,1.0200,1114.0000,461.0000,1117.0070
180.0000,0.1500,106.0000,28.5800,104.1100,0.1000,125.0000,25.0000,1121.0000,292.0000,5000.0000,1.1200,11.2000,11.2000,11.0000,0.5770,51.0000,51.0000,51.0000,1.0480,1.0480,1.0500,1000.0000,335.0000,999281.0000
73.0000,0.2480,638.0000,50.7200,6313.0000,0.2500,81.0000,14.0000,210.0000,50.0000,200.0000,1.0500,900.0000,900.0000,900.0000,0.9420,30.0000,30.0000,30.0000,1.0100,1.0100,1.0100,1449.0000,115.0000,1428.7010
38.0000,0.2000,195.0000,31.2200,18720.0000,0.2600,150.0000,35.0000,1862.0000,810.0000,500.0000,9.3200,2.5000,2.5000,2.4000,0.4660,180.0000,180.0000,130.0000,1.1300,1.1300,1.1200,1012.0000,497.0000,1018.0920
33.0000,0.1000,114.0000,24.4900,161.5000,0.2800,140.0000,34.0000,1300.0000,1300.0000,800.0000,2.1700,1.2000,1.2000,1.7000,0.5030,480.0000,480.0000,220.0000,1.2500,1.2500,1.1400,857.0000,300.0000,872.6200
35.0000,0.2300,410.0000,42.2200,518.6700,0.2700,134.0000,27.0000,2486.0000,100.0000,500.0000,4.9700,8.3000,8.3000,10.5000,0.5430,50.0000,50.0000,50.0000,1.0500,1.0500,1.0550,930.0000,298.0000,1240.5410
112.0000,0.1350,85.0000,25.0900,85.0000,0.1000,146.0000,21.6000,3124.0000,0.0000,500.0000,8.2500,26.0000,26.0000,26.0000,0.4740,0.0000,0.0000,0.0000,1.0400,1.0400,1.0400,905.0000,401.0000,906.3430
91.0000,0.1270,90.0000,20.6200,78.0000,0.2000,175.0000,27.0000,2230.0000,44.0000,800.0000,3.7200,8.0000,8.0000,5.2000,6.3790,0.0000,0.0000,0.0000,1.0500,1.0500,1.0400,750.0000,400.0000,750.8700
90.0000,0.2000,400.0000,44.7200,320.4100,0.1700,85.0000,35.0000,1267.0000,84.0000,500.0000,2.5300,3.4000,3.4000,2.8000,0.8940,4.0000,4.0000,4.0000,0.9900,0.9900,1.0030,1595.0000,904.0000,1300.8360
8.0000,0.2980,106.0000,25.6500,183.7500,0.5000,152.0000,33.0000,2636.0000,1500.0000,1900.0000,1.3900,1.6000,1.6000,1.5000,0.4640,285.0000,285.0000,285.0000,1.1500,1.1500,1.1550,1007.0000,696.0000,1005.1670
15.0000,0.2820,562.0000,44.6400,728.0500,0.3070,208.0000,35.0000,4889.0000,4889.0000,3500.0000,1.4000,0.4400,0.4400,0.5700,0.3540,1000.0000,1000.0000,670.0000,1.1510,1.1510,1.3510,1000.0000,598.0000,1000.7360
7.0000,0.2740,236.0000,29.3500,25570.0000,0.4050,183.0000,49.0000,3775.0000,795.1000,3200.0000,1.1800,0.1600,0.1600,0.1600,0.4180,1960.0000,1960.0000,1080.0000,2.1960,2.1960,2.2040,535.0000,219.0000,532.3010
17.0000,0.2200,326.0000,38.4900,289.7800,0.2000,226.0000,40.5000,5896.0000,2000.0000,2700.0000,2.1800,0.4500,0.4500,0.4000,0.3030,575.0000,575.0000,575.0000,1.3500,1.3500,1.4000,1015.0000,334.0000,1011.4130
13.3000,0.3500,1900.0000,73.6800,2137.5000,0.2800,182.0000,40.4000,2205.0000,2174.0000,1785.0000,1.2400,0.4800,0.4800,0.5400,0.4050,459.0000,459.0000,388.0000,1.2460,1.2460,1.2100,1607.0000,314.0000,1812.6180
12.2000,0.3520,2800.0000,94.4500,2853.7000,0.2000,160.0000,36.4000,2981.0000,2380.0000,2700.0000,1.1000,0.6400,0.6400,0.8300,0.4940,720.0000,720.0000,720.0000,1.3400,1.3400,1.3400,1439.0000,783.0000,1505.2640
94.0000,0.2420,191.0000,28.0900,238.7500,0.2780,182.0000,35.0000,2055.0000,2055.0000,1800.0000,1.8400,0.4400,0.4400,0.5500,0.4270,870.0000,870.0000,540.0000,1.4400,1.4400,1.2720,940.0000,224.0000,941.3260
11.8000,0.2340,3814.0000,125.3000,0.0000,0.3000,113.0000,42.0000,2095.0000,5340.0000,800.0000,2.8200,0.6500,0.6500,0.0000,0.7790,344.0000,0.0000,0.0000,1.2180,1.2180,0.0000,1034.0000,517.0000,1043.3170
41.0000,0.1800,180.0000,31.6200,167.5900,0.3200,262.0000,48.0000,8800.0000,1849.0000,8000.0000,1.1300,0.2900,0.2900,0.2700,0.3720,942.0000,942.0000,942.0000,1.7150,1.7150,1.7300,714.0000,400.0000,553.6900
17.0000,0.2050,256.0000,35.3400,258.0000,0.1500,228.0000,37.0000,3793.0000,3070.0000,3100.0000,1.2200,0.5000,0.5000,0.5000,0.3550,900.0000,900.0000,650.0000,1.5400,1.5400,1.4300,878.0000,478.0000,877.8120
39.0000,0.2520,20913.6600,91.2400,2008.0000,0.1410,148.0000,39.0000,1620.0000,740.0000,1000.0000,1.8200,1.0000,1.0000,1.0000,0.5230,1.0000,1.0000,1.0000,1.2800,1.2800,1.2700,1332.0000,1081.0000,1465.3410
227.0000,0.3200,580.0000,42.5700,641.7000,0.1400,200.0000,29.0000,5265.0000,5150.0000,4500.0000,1.1700,0.4700,0.4700,0.5200,0.4030,915.0000,915.0000,747.0000,1.4570,1.4570,1.4080,1485.0000,882.0000,1465.3410
30.0000,0.2900,500.0000,41.5200,978.7200,0.2200,1130.0000,32.0000,4750.0000,4750.0000,1700.0000,2.7900,0.4700,0.4700,0.9200,0.3670,777.0000,777.0000,290.0000,1.4300,1.4300,1.2000,1225.0000,762.0000,1227.1750
62.0000,0.1580,140.0000,29.9600,120.2400,0.3900,124.0000,27.4000,2082.0000,560.0000,1100.0000,1.8950,8.5000,6.6000,7.3000,0.6120,0.0000,73.0000,0.0000,1.0840,1.0750,1.0720,694.0000,271.0000,693.8450
250.0000,0.2400,900.0000,61.2400,0.0000,0.3500,155.0000,36.0000,1511.1000,0.0000,100.0000,15.6000,1.1500,0.0000,0.0000,0.4540,600.0000,600.0000,0.0000,1.3500,0.0000,0.0000,977.0000,448.0000,896.4800
