h,POROSITY,K,k/uob,Sw,T,API,PI,Bp,Pep,Pb/Pa,Uoi,Ubp,Uoa,Uw,Rsi,Rsb,Rsa,Bol,Bob,Boa,OOIP,Type,REC
103,0.15,2.2,6.875,0.35,139,47.3,4105,1283,768,1.67,0.36,0.32,0.39,0.662,1283,1283,768,1.735,47.3,1.492,436,1,100
4.7,0.083,4.2,4.078,0.3,105,41,1700,695,200,3.48,1.11,1.03,1.24,0.823,241,241,135,1.143,41,1.11,394,1,59
107,0.085,1.5,1.145,0.15,110,33,1805,1805,100,18.05,1.31,1.31,1.12,0.857,588,588,130,1.312,33,1.119,427,1,72
33,0.092,9.9,70.714,0.2,158,50,3447,3260,600,5.43,0.14,0.14,0.42,0.472,2383,2383,550,2.356,50,1.4,242,1,38
70,0.088,1,2.564,0.4,152,42,4482,2660,1350,1.97,0.46,0.39,0.51,0.529,1262,1262,710,1.678,42,1.46,245,1,35
124,0.038,4.5,32.143,0.18,194,52,5400,4400,1600,2.75,0.14,0.14,0.36,0.428,3539,3539,900,2.9,52,1.346,83,1,5
51,0.13,12.8,22.857,0.237,126,43,3515,1264,300,4.21,0.68,0.56,0.82,0.628,575,575,280,1.316,43,1.225,585,1,202
191,0.019,20.8,21.224,0.27,101,33.5,2020,2020,500,4.04,0.98,0.98,0.14,0.771,773,773,300,1.382,33.5,1.2,571,1,83
71,0.108,10.6,4.609,0.295,92,32,2100,265,200,1.33,2.74,2.3,0.235,0.868,169,169,151,1.092,32,1.099,541,1,42
8.4,0.189,379,526.389,0.254,203,43,2230,907,200,4.54,0.92,0.72,0.82,0.436,256,256,120,1.196,43,1.153,915,1,179
69,0.05,35,112.903,0.46,135,33.5,3000,2230,1500,1.49,0.31,0.31,0.37,0.639,663,663,502,1.46,33.5,1.35,180,1,45
46,0.095,3,7.5,0.228,108,32,2534,2370,300,7.9,0.38,0.4,1.5,0.786,1120,1120,300,1.549,32,1.23,305,1,56
124,0.056,30,136.364,0.25,145,43,4470,2534,1500,1.69,0.22,0.22,1.3,0.646,1530,1530,970,1.86,43,1.6,150,1,28
30,0.056,113,256.818,0.46,188,45,1700,4470,100,44.7,0.44,0.44,1.7,0.395,1621,1621,100,1.928,45,1.142,183,1,38
40,0.095,2.8,2.154,0.288,105,43,1400,1700,100,17,1.3,1.3,2.5,0.944,550,550,40,1.229,43,1.04,438,1,66
12,0.125,23.7,34.348,0.25,88,31,4062,1135,250,4.54,0.71,0.69,1.2,0.886,636,636,300,1.317,31,1.17,552,1,120
250,0.116,5.7,12.955,0.2,141,43,2600,2500,50,500,0.49,0.44,1.02,0.563,1355,1355,150,1.731,43,1.2,329,1,27
100,0.052,3.3,4.342,0.27,127,43.9,4567,1605,200,8.03,0.84,0.76,1.41,0.772,510,510,169,1.279,43.9,1.146,239,1,45
21,0.087,2.5,10,0.25,174,34.7,5668,3508,1000,3.51,0.22,0.25,0.9,0.42,1817,1817,300,2.015,34.7,1.25,170,1,28
287,0.025,4.8,24,0.366,214,45.5,4567,3385,1000,3.39,0.22,0.2,0.38,0.374,1880,1880,495,2.141,45.5,1.497,59,1,32
27,0.067,9.2,46,0.24,180,54,1800,3433,800,4.29,0.22,0.2,0.64,0.404,1815,1815,450,2.015,54,1.35,178,1,37
32,0.086,2.5,2.5,0.34,107,43.8,1805,1800,200,9,1,1,1.85,0.813,700,700,215,1.35,43.8,1.17,341,1,67
85,0.151,12,12.371,0.35,110,32,840,1805,300,6.02,0.97,0.97,1.38,0.792,588,588,200,1.312,32,1.138,632,1,106
50,0.106,94,18.8,0.33,102,33,3930,800,100,8,6,5,9,0.808,500,500,50,1.22,33,1.05,505,1,34
27,0.06,30,187.5,0.31,169,36,1850,3930,500,7.86,0.16,0.16,0.38,0.454,2239,2239,400,2.4,36,1.2,130,1,39
16,0.105,3.1,1.771,0.29,105,49,2411,520,300,1.73,1.9,1.75,3.5,0.812,400,400,100,1.16,49,1.05,442,1,79
57,0.053,16.9,35.957,0.25,110,35,2300,2411,200,12.06,0.47,0.47,1.5,0.742,1100,1100,200,1.776,35,1.1,157,1,24
80,0.072,3,6,0.33,108,42,3892,2300,200,11.5,0.5,0.5,1.5,0.719,1129,1129,200,1.6,42,1.15,253,1,35
20,0.098,64,126.667,0.37,135,41,2504,1927,350,5.51,0.62,0.51,0.96,0.55,896,896,300,1.477,41,1.15,360,1,54
10,0.18,30,115.385,0.318,140,40,3750,2207,900,2.45,0.48,0.28,0.3,0.528,836,836,600,1.5,40,1.5,727,1,86
27,0.111,1.12,1.69,0.276,225,38,3958,1391,500,2.78,1.2,0.71,1.5,0.446,433,433,150,1.286,38,1.25,270,1,62
94,0.042,2,1.818,0.3,235,37,2860,3000,2400,1.25,1.7,1.1,1,0.408,1180,1180,500,1.738,37,1.6,110,1,26
63,0.074,2,28.947,0.22,150,42,180,2860,500,5.72,0.19,0.19,0.45,0.579,1450,1450,210,1.9,42,1.25,230,1,31
29,0.087,5.5,1.818,0.586,112,46.4,1432,1800,300,6,1.03,1.03,1.96,0.771,587,587,196,1.31,46.4,1.153,371,1,40
77,0.12,150,28.947,0.11,72,32,2930,1432,365,3.92,0.95,0.95,1.45,1.196,615,615,300,1.281,32,1.15,657,1,189
15,0.152,5.7,1.65,0.553,170,40.7,950,1408,200,7.04,1.18,1.02,1.57,0.592,386,386,118,1.23,40.7,1.15,426,1,67
11,0.188,113,157.895,0.2,151,43.7,2860,2694,50,53.88,1.16,0.81,1.69,0.606,400,400,20,1.185,43.7,1.085,957,1,83
72,0.067,5.8,5.588,0.25,150,26,2348,2860,300,9.53,0.24,0.24,0.48,0.583,1702,1702,310,1.98,26,1.2,198,1,0
39,0.072,4.4,139.508,0.21,148,35,2534,2077,450,4.62,0.36,0.36,0.54,0.607,1005,1005,380,1.589,35,1.3,278,1,40
90,0.08,8.5,24.167,0.216,145,38,25,2534,446,5.68,0.24,0.24,0.52,0.601,1315,1315,410,1.65,38,1.24,296,1,0
155,0.085,2.5,12.571,0.2,80,28,24,814,30,27.13,22,11,28,0.95,165,165,11,1.138,28,1.02,411,1,80
380,0.03,0.2,35.417,0.4,120,43,24,2400,50,48,0.77,0.77,1.65,0.693,536,536,70,1.3,43,1.08,108,1,6
65,0.094,8.4,0.227,0.18,110,30,2890,2190,400,5.48,0.6,0.6,1.15,0.781,903,903,287,1.39,30,1.191,530,1,84
70,0.067,5,0.26,0.405,114,31,2237,1003,100,10.03,1.63,1.63,2.9,0.782,259,259,54,1.15,31,1.06,269,1,52
7.5,0.22,432,15,0.18,171,41,1972,80,60,1.33,1.47,1.47,1.5,0.397,14,14,14,1.055,41,1.06,1180,1,187
80,0.117,2.5,3.185,0.405,108,35,1690,1690,150,11.27,1.86,1.86,3,0.864,422,422,97,1.209,35,1.014,550,1,88
23,0.5,5,288.933,0.25,184,28,5020,3239,350,9.25,0.25,0.25,0.4,0.464,1510,1510,130,1.84,28,1.13,160,1,54
75,0.11,8,1.344,0.235,108,32.5,1710,1710,100,17.1,1.38,1.38,3.2,0.842,460,460,40,1.228,32.5,1.064,450,1,67
25,0.134,7,27.778,0.24,100,48,1535,1505,100,15.05,3.2,3.2,6.2,0.933,300,300,40,1.13,48,1.04,580,1,62
70,0.2,5,1.742,0.18,120,32,3214,2449,100,24.49,3.3,3.3,11.2,0.704,1170,1170,210,1.595,32,1.15,471,1,80
150,0.09,8,1.333,0.37,94,31,1765,1740,100,17.4,0.5,1.5,4.5,0.883,537,537,50,1.239,31,1.05,437,1,70
97,0.056,7,1.31,0.3,120,28,4722,1140,100,11.4,2.1,2.1,2.58,0.737,278,278,76,1.15,28,1.83,159,1,28
30,0.088,5.4,0.169,0.23,100,32.5,14,250,100,2.5,7.2,5.9,6.7,0.809,200,200,100,1.078,32.5,1.05,354,1,27
67,0.12,2,0.852,0.423,116,29,3000,117,35,3.34,7.14,5.87,6.8,0.686,62,62,20,1.052,29,1.043,380,1,44
11,0.12,1,47.619,0.431,156,47,2160,2155,500,4.31,0.31,0.21,0.52,0.574,1441,1441,150,1.798,47,1.2,425,1,81
10,0.072,5,26.429,0.4,115,42,2912,1375,50,27.5,1,1,3,0.743,420,420,30,1.2,42,1,595,1,119
25.5,0.104,10,6.275,0.0095,104,30,2748,1540,400,3.85,3,2.55,4.7,0.769,377,377,150,1.14,30,1.07,625,1,78
57,0.104,26.6,29.429,0.35,120,45,1800,2170,500,4.34,0.35,0.35,0.65,0.615,918,918,380,1.525,45,1.275,345,1,68
35,0.084,16,2,0.502,182,39,3183,2235,1000,2.24,0.27,0.5,0.46,0.473,850,850,330,1.615,39,1.32,172,1,32
12,0.058,10.3,11.333,0.29,190,38,1645,2912,1000,2.01,0.45,0.45,4,0.331,800,800,220,1.48,38,1.2,312,1,49
30,0.072,1,22.414,0.41,172,40,2912,2612,300,8.71,0.2,0.2,0.65,0.508,1236,1236,300,1.75,40,1.31,170,1,32
56,0.062,6.5,19.167,0.25,114,36,2748,1280,180,7.11,1.89,1.89,3.2,0.862,600,600,600,1.26,36,1.06,324,1,51
31,0.073,16.1,15.909,0.1,195,42,1800,1370,400,3.43,0.52,0.52,0.62,0.435,555,555,300,1.368,42,1.281,356,1,45
33,0.057,7,52.326,0.27,190,37,3183,1260,400,3.15,1.1,1.1,1.05,0.447,400,400,242,1.284,37,1.245,343,1,41
47,0.09,45,6.289,0.36,142,30,3820,1645,400,4.11,1.59,1.59,2.17,0.538,352,352,180,1.217,30,1.158,232,1,19
35,0.159,10,212.5,0.29,243,39,6775,2460,750,3.28,0.44,0.44,0.55,0.393,939,939,404,1.589,39,1.408,340,1,94
44,0.115,6,61.538,0.15,249,39,4743,4432,1000,4.43,0.13,0.13,0.25,0.383,2002,2002,580,2.287,39,1.545,560,1,123
83,0.115,56,107.682,0.25,225,33,6030,1893,3000,0.63,0.69,0.69,0.57,0.402,604,604,550,1.396,33,1.44,520,1,80
20,0.146,34,351.667,0.25,90,40,755,725,50,14.5,1.2,1.2,3.5,0.995,300,300,30,1.145,40,1,708,1,344
11.3,0.106,34,25.429,0.292,92,39,755,725,50,14.5,1.4,1.4,3.5,0.973,300,300,30,1.145,39,1,503,1,163
173,0.167,880,1913.04,0.3,212,38.8,3510,3510,2000,1.76,0.46,0.46,0.54,0.457,1052,1052,680,1.593,1.593,1.424,569,2,304
36,0.11,602,957.73,0.2,150,47,2968,2138,2462,1.21,0.33,0,0,0.525,1180,0,0,1.707,0,0,380,2,209
195,0.021,363,562.65,0.24,210,50,5630,2485,1900,2.96,0.22,0.17,0.2,0.341,900,900,680,1.432,1.523,1.4,85,2,29
153,0.026,32,47.44,0.24,210,51,5709,2458,1900,3,0.23,0.17,0.2,0.341,900,900,680,1.432,1.523,1.4,108,2,31
35,0.057,22.8,3.51,0.244,142,35.9,4938,172,4900,1.01,3.33,2.19,3.3,0.512,30,30,30,1.04,1.04,1.04,320,2,127
15,0.183,67,8.75,0.203,204,26.3,5292,590,4000,1.32,3.04,2,2.75,0.397,173,0,0,1.125,0,0,883,2,336
33,0.11,9,1..75,0.39,128,49.2,2075,885,1850,1.12,0.54,0.49,0.53,0.645,409,409,409,1.303,1.285,1.3,400,2,177
59,0.202,68,5.07,0.215,110,22.5,1520,750,700,2.17,9.1,8.2,8.1,0.687,162,162,144,1.082,1.088,1.083,1085,2,398
84,0.13,6.3,0.28,0.12,117,22.2,1690,690,450,3.76,14,15.6,14.2,0.625,119,119,99,1.057,1.062,1.054,840,2,121
35,0.195,39,0.98,0.25,108,20.9,1520,800,700,2.17,27.5,24.5,25.5,0.693,138,138,122,1.074,1.077,1.072,1023,2,174
119,0.135,5.9,0.05,0.109,120,18.6,1650,145,450,3.67,77,58,62,0.606,33,33,33,1.035,1.045,1.042,1302,2,102
68,0.052,8,10.38,0.24,170,45,4609,2400,2800,1.65,0.4,0.34,0.35,0.519,780,780,780,1.49,1.52,1.51,206,2,54
100,0.06,141,47.88,0.2,155,38,4625,525,4000,1.16,1.39,0.94,1.32,0.472,122,120,120,1.074,1.12,1.09,344,2,185
150,0.05,5,4.93,0.35,160,45,4295,1395,200,21.48,0.58,0.49,0.5,0.572,600,600,600,1.3,1.36,1.32,194,2,147
44,0.105,226,141.85,0.2,86,40,815,615,100,8.15,1.7,1.5,5,1.087,200,200,100,1.11,1.11,1.035,587,2,244
130,0.038,42,35.79,0.3,132,44,3485,1105,1300,2.68,0.67,0.56,0.58,0.571,600,600,600,1.325,1.355,1.352,155,2,102
0,0.025,100,67.16,0.1,150,43.9,4087,1460,1000,4.07,0.74,0.62,0.63,0.497,548,548,530,1.309,1.347,1.3,134,2,56
300,0.025,1000,817.57,0.1,124,43.9,3271,970,1000,3.27,0.74,0.6,0.61,0.605,590,610,590,1.325,1.34,1.3,132,2,53
40,0.06,41,34.52,0.2,187,45,5350,1140,100,53.5,0.43,0.38,0.87,0.362,667,667,667,1.411,1.478,1.4,264,2,106
20,0.025,20,12.4,0.15,216,46,6030,1554,4500,1.34,0.55,0.36,0.48,0.341,501,490,490,1.259,1.405,1.4,128,2,64
69,0.165,1100,1272.86,0.3,207,39,3106,3108,300,1.35,0.29,0.28,0.3,0.324,953,953,250,1.55,1.55,1.04,57,2,168
15,0.145,1.5,1.37,0.45,80,34,355,215,200,1.78,1.5,1,1.8,1.369,600,600,0,1.2,1.25,1.2,494,2,296
44,0.124,84,112.38,0.177,160,42.5,3410,1990,2600,1.31,0.37,0.33,0.34,0.495,906,906,906,1.499,1.522,1.512,528,2,228
200,0.02,18.6,14.27,0.3,160,47.8,4585,1258,2500,1.83,0.61,0.47,0.5,0.468,409,409,375,1.223,1.257,1.235,88,2,35
128,0.083,200,305.26,0.213,139,43.5,3162,2016,1521,2.08,0.38,0.33,0.37,0.58,1266,1266,985,1.76,1.72,1.64,397,2,215
250,0.058,8.9,8.05,0.22,124,44,3560,800,2400,1.48,0.95,0.8,0.89,0.648,335,335,335,1.157,1.19,1.171,250,2,59
187,0.036,13.8,13.65,0.33,139,43,4295,1492,1500,2.96,0.57,0.49,0.49,0.564,500,500,500,1.252,1.299,1.299,100,2,44
101,0.101,50,60.85,0.22,140,43.6,3650,2022,2500,1.46,0.41,0.37,0.39,0.499,989,898,989,1.547,1.581,1.564,394,2,203
280,0.018,50,37.71,0,132,42,4600,1573,2500,1.84,0.85,0.6,0.68,0.641,525,525,525,1.25,1.3,1.29,112,2,50
92,0.073,300,242,0.14,132,36,1875,1875,400,4.69,0.9,0.9,1.43,0.726,489,489,218,1.28,1.284,1.177,402,2,161
427,0.097,700,659.84,0.7,166,38,2205,2052,1900,1.16,0.61,0.6,0.62,0.575,695,695,658,1.409,1.412,1.395,520,2,382
173,0.167,880,1913.04,0.3,212,38.8,3510,3510,2000,1.76,0.46,0.46,0.54,0.457,1052,1052,680,1.593,1.593,1.424,569,2,304
36,0.11,602,957.73,0.2,150,47,2968,2138,2462,1.21,0.33,0,0,0.525,1180,0,0,1.707,0,0,380,2,209
195,0.021,363,562.65,0.24,210,50,5630,2485,1900,2.96,0.22,0.17,0.2,0.341,900,900,680,1.432,1.523,1.4,85,2,29
153,0.026,32,47.44,0.24,210,51,5709,2458,1900,3,0.23,0.17,0.2,0.341,900,900,680,1.432,1.523,1.4,108,2,31
35,0.057,22.8,3.51,0.244,142,35.9,4938,172,4900,1.01,3.33,2.19,3.3,0.512,30,30,30,1.04,1.04,1.04,320,2,127
15,0.183,67,8.75,0.203,204,26.3,5292,590,4000,1.32,3.04,2,2.75,0.397,173,0,0,1.125,0,0,883,2,336
33,0.11,9,1..75,0.39,128,49.2,2075,885,1850,1.12,0.54,0.49,0.53,0.645,409,409,409,1.303,1.285,1.3,400,2,177
59,0.202,68,5.07,0.215,110,22.5,1520,750,700,2.17,9.1,8.2,8.1,0.687,162,162,144,1.082,1.088,1.083,1085,2,398
84,0.13,6.3,0.28,0.12,117,22.2,1690,690,450,3.76,14,15.6,14.2,0.625,119,119,99,1.057,1.062,1.054,840,2,121
35,0.195,39,0.98,0.25,108,20.9,1520,800,700,2.17,27.5,24.5,25.5,0.693,138,138,122,1.074,1.077,1.072,1023,2,174
119,0.135,5.9,0.05,0.109,120,18.6,1650,145,450,3.67,77,58,62,0.606,33,33,33,1.035,1.045,1.042,1302,2,102
68,0.052,8,10.38,0.24,170,45,4609,2400,2800,1.65,0.4,0.34,0.35,0.519,780,780,780,1.49,1.52,1.51,206,2,54
100,0.06,141,47.88,0.2,155,38,4625,525,4000,1.16,1.39,0.94,1.32,0.472,122,120,120,1.074,1.12,1.09,344,2,185
150,0.05,5,4.93,0.35,160,45,4295,1395,200,21.48,0.58,0.49,0.5,0.572,600,600,600,1.3,1.36,1.32,194,2,147
44,0.105,226,141.85,0.2,86,40,815,615,100,8.15,1.7,1.5,5,1.087,200,200,100,1.11,1.11,1.035,587,2,244
130,0.038,42,35.79,0.3,132,44,3485,1105,1300,2.68,0.67,0.56,0.58,0.571,600,600,600,1.325,1.355,1.352,155,2,102
0,0.025,100,67.16,0.1,150,43.9,4087,1460,1000,4.07,0.74,0.62,0.63,0.497,548,548,530,1.309,1.347,1.3,134,2,56
300,0.025,1000,817.57,0.1,124,43.9,3271,970,1000,3.27,0.74,0.6,0.61,0.605,590,610,590,1.325,1.34,1.3,132,2,53
40,0.06,41,34.52,0.2,187,45,5350,1140,100,53.5,0.43,0.38,0.87,0.362,667,667,667,1.411,1.478,1.4,264,2,106
20,0.025,20,12.4,0.15,216,46,6030,1554,4500,1.34,0.55,0.36,0.48,0.341,501,490,490,1.259,1.405,1.4,128,2,64
69,0.165,1100,1272.86,0.3,207,39,3106,3108,300,1.35,0.29,0.28,0.3,0.324,953,953,250,1.55,1.55,1.04,57,2,168
15,0.145,1.5,1.37,0.45,80,34,355,215,200,1.78,1.5,1,1.8,1.369,600,600,0,1.2,1.25,1.2,494,2,296
44,0.124,84,112.38,0.177,160,42.5,3410,1990,2600,1.31,0.37,0.33,0.34,0.495,906,906,906,1.499,1.522,1.512,528,2,228
200,0.02,18.6,14.27,0.3,160,47.8,4585,1258,2500,1.83,0.61,0.47,0.5,0.468,409,409,375,1.223,1.257,1.235,88,2,35
128,0.083,200,305.26,0.213,139,43.5,3162,2016,1521,2.08,0.38,0.33,0.37,0.58,1266,1266,985,1.76,1.72,1.64,397,2,215
250,0.058,8.9,8.05,0.22,124,44,3560,800,2400,1.48,0.95,0.8,0.89,0.648,335,335,335,1.157,1.19,1.171,250,2,59
187,0.036,13.8,13.65,0.33,139,43,4295,1492,1500,2.96,0.57,0.49,0.49,0.564,500,500,500,1.252,1.299,1.299,100,2,44
101,0.101,50,60.85,0.22,140,43.6,3650,2022,2500,1.46,0.41,0.37,0.39,0.499,989,898,989,1.547,1.581,1.564,394,2,203
280,0.018,50,37.71,0,132,42,4600,1573,2500,1.84,0.85,0.6,0.68,0.641,525,525,525,1.25,1.3,1.29,112,2,50
92,0.073,300,242,0.14,132,36,1875,1875,400,4.69,0.9,0.9,1.43,0.726,489,489,218,1.28,1.284,1.177,402,2,161
427,0.097,700,659.84,0.7,166,38,2205,2052,1900,1.16,0.61,0.6,0.62,0.575,695,695,658,1.409,1.412,1.395,520,2,382
8,0.203,42.3,56.4,0.308,85,43.5,630,600,50,12,0.75,0.75,1.25,0.988,407,407,100,1.243,1.243,1.06,839,3,150
10,0.2,59,28.23,0.441,92,34,1513,1513,100,15.13,2.09,2.09,4.9,0.992,375,375,67,1.18,1.18,1.063,735,3,147
17.9,0.126,45,68.18,0.15,134,40,3050,2050,386,7.9,0.66,0.66,1.18,0.528,790,790,168,1.643,1.643,1.21,535,3,79
8,0.285,312,1040,0.28,205,40,3630,3490,315,11.08,0.3,0.3,0.76,0.299,830,815,98,1.464,1.425,1.142,1107,3,330
13,0.195,166,212.82,0.3,178,38.6,1300,715,120,5.96,0.81,0.81,1,0.367,235,235,150,1.178,1.185,1.127,922,3,138
10,0.131,328,404.94,0.207,188,36.6,1334,7770,100,7.7,0.87,0.87,1.2,0.341,220,220,78,1.178,1.184,1.138,1018,3,211
10.2,0.198,1.7,4.15,0.351,133,44,2000,1986,300,6.62,0.4,0.4,0.87,0.611,830,830,289,1.498,1.498,1.251,440,3,58
14,0.316,58,98.31,0.39,84,48.5,1140,1100,200,5.5,0.59,0.59,0.98,0.012,474,474,162,1.235,1.235,1.11,758,3,144
45,0.214,950,2021.28,0.26,188,34,4850,4225,1700,2.49,0.49,0.49,0.82,0.332,752,752,396,1.388,1.397,1.212,1287,3,190
300,0.35,83.4,92.67,0.37,185,33,2600,2600,150,17.33,0.9,0.9,2.4,0.355,550,550,30,1.3,1.3,1.07,798,3,174
426,0.14,752,10.03,0.2,100,18.7,570,570,25,22.8,75,75,150,0.785,90,90,5,1.05,1.05,1.01,2067,3,452
378,0.138,600,10,0.21,120,22.2,550,550,25,22,35,60,60,0.636,80,80,5,1.05,1.05,1.01,1830,3,644
245,0.265,8.7,32.22,0.35,255,29,4350,4208,1000,4.21,0.27,0.27,0.62,0.224,965,805,160,1.79,1.76,1.32,440,3,55
360,0.3,1077,179.5,0.305,160,22,1750,1750,100,17.5,6,6,16,0.434,250,250,10,1.15,1.15,1.03,1215,3,563
71,0.19,388,16.87,0.42,127,20.3,950,950,100,9.5,23,23,45,0.571,140,140,20,1.08,1.08,1.03,1250,3,274
40,0.115,70,205.88,0.33,225,37,3525,3525,600,5.88,0.34,0.34,0.7,0.277,660,860,160,1.51,1.51,1.16,606,3,120
103,0.33,40,90.91,0.2,205,30,4000,3550,1000,3.55,0.53,0.53,0.9,0.316,750,750,225,1.46,1.5,1.22,489,3,98
130,0.28,1300,213.82,0.225,132,18.9,1230,1065,100,10.55,6.2,6.2,10.5,0.538,129,128,15,1.076,1.077,1.04,1937,3,287
15,0.237,2970,1060.71,0.213,138,34,1308,168,75,2.24,2.9,2.9,2.6,0.588,52,52,22,1.045,1.072,1.02,1637,3,297
8,0.263,726,14.82,0.3,155,19,1690,700,75,9.33,57,49,90,0.472,75,75,10,1.08,1.09,1.02,1192,3,314
10.8,0.121,390,4.88,0.31,160,16,1900,500,75,6.67,92,80,125,0.452,75,75,13,1.08,1.07,1.035,1328,3,224
30,0.136,229,1347.06,0,199,46,4617,4500,500,9.18,0.16,0.17,0.58,0.413,2180,2170,250,2.15,2.135,1.2,398,3,102
62,0.135,66.8,107.74,0.135,148,38.8,3050,3050,200,15.25,0.62,0.62,1.55,0.58,745,745,108,1.384,1.384,1.12,659,3,107
27,0.126,14.2,12.01,0.135,148,38,2815,2500,200,12.5,1.07,1.1,2.26,0.58,530,490,65,1.29,1.29,1.108,702,3,100
35,0.134,10.8,45,0.282,140,43,3302,3302,200,16.51,0.24,0.24,0.92,0.635,1419,1419,75,1.802,1.802,1.197,389,3,84
14.3,0.224,61,160.53,0.287,216,49,3523,1682,220,7.65,0.46,0.38,0.79,0.416,577,577,130,1.415,1.415,1.196,523,3,137
1100,0.234,160,123.08,0.3,160,30,2800,2800,100,28,1.3,1.3,3.3,0.438,570,570,125,1.315,1.315,1.05,930,3,229
33.7,0.19,273,593.48,0.265,215,34,5702,5702,1500,3.8,0.46,0.46,0.92,0.32,1002,1002,265,1.51,1.51,1.134,883,3,209
30,0.13,100,40,0.27,79,39,639,639,50,12.78,2.5,2.5,4,1.114,187,187,25,1.08,1.08,1.02,985,3,226
24.6,0.2,56,130.23,0.24,144,43.6,2859,2859,50,57.18,0.43,0.43,0.85,0.583,1340,1340,280,1.72,1.72,1.3,453,3,69
50,0.15,2.7,5.09,0.4,101,42,2635,1755,300,5.85,0.55,0.53,0.7,0.79,820,820,388,1.398,1.398,1.238,600,3,90
9,0.226,96.2,60.13,0.38,92,33,1570,1315,200,6.58,1.65,1.6,4,0.906,368,368,201,1.21,1.21,1.114,648,3,80
30,0.231,150,535.71,0.39,216,38.6,4050,4050,1000,4.05,0.28,0.28,0.53,0.295,810,810,200,1.414,1.414,1.12,854,3,208
23,0.23,375,1209.68,0.31,173,42.2,2557,2557,800,3.2,0.31,0.31,0.44,0.389,618,618,190,1.337,1.337,1.15,925,3,277
22,0.264,610,2259.26,0.25,178,41.7,2650,2650,600,4.42,0.27,0.27,0.51,0.375,625,625,105,1.368,1.368,1.138,978,3,289
26,0.226,100,322.58,0.32,181,42.3,2767,2767,6000,4.61,0.31,0.31,0.47,0.366,632,632,103,1.359,1.359,1.12,1025,3,226
12,0.265,535,1725.81,0.298,180,42.7,2725,2725,1600,1.7,0.31,0.31,0.44,0.369,600,600,292,1.388,1.388,1.248,925,3,231
18,0.2,170,607.14,0.298,180,42.3,2644,2644,800,3.31,0.28,0.28,0.49,0.369,682,682,682,1.362,1.362,1.157,1060,3,254
13.2,0.206,123,512.5,0.3,191,42.3,3010,3010,500,6.02,0.24,0.24,0.46,0.347,850,850,128,1.458,1.458,1.142,757,3,168
30,0.21,15,5,0.195,125,25,1780,1780,1000,1.78,3,3,3,0.583,305,305,305,1.133,1.133,1.133,1135,3,361
376,0.176,30,75,0.35,220,34,4000,3600,1900,1.89,0.37,0.4,0.51,0.286,990,990,480,1.38,1.33,1.185,779,3,180
21,0.67,216,308.57,0.208,133,40,1529,1308,100,13.08,0.66,0.7,3.11,0.59,467,467,100,1.336,1.38,1.154,810,3,148
7,0.165,75,178.57,0.23,181,45,7566,6635,1000,6.64,0.5,0.42,0.97,0.362,2385,2385,380,2.01,1.336,1.34,498,3,69
75,0.174,15.3,85,0.235,185,43,7565,5780,1000,5.78,0.21,0.18,0.73,0.35,3000,3000,340,2.53,2.01,1.28,386,3,65
31,0.178,44.8,11.2,0.3,122,30,1600,1600,200,8,4,4,13,0.692,270,270,80,1.14,2.53,1.01,829,3,79
55,0.191,57,71.25,0.3,110,39,1500,1500,500,3,0.8,0.8,2.4,0.755,480,480,80,1.245,1.14,1.01,798,3,112
119,0.125,154.2,30.84,0.245,100,33.4,1700,1700,50,34,5,5,7,0.898,420,420,0,1.22,1.245,1,917,3,159
47,0.116,58,73.42,0.15,155,38,3000,2660,500,5.32,0.82,0.49,1.82,0.53,520,520,130,1.26,1.22,1.12,655,3,100
53,0.158,10.9,13.8,0.15,155,37,3000,2660,400,6.65,0.82,0.49,1.94,0.53,520,520,108,1.26,1.26,1.114,606,3,49
36.8,0.116,56,39.72,0.361,146,40,1678,678,100,6.78,1.41,1.41,3,0.665,456,456,75,1.303,1.26,1.147,599,3,94
24.1,0.14,2.9,7.44,0.383,158,42,2816,2816,600,4.6,0.39,0.39,1,0.503,990,980,443,1.48,1.303,1.267,375,3,98
7,120,49,16.33,0.25,160,36,3250,600,150,4,2.7,2.7,3,0.419,100,100,70,1.17,1.48,1.05,696,3,163
12,0.13,19,6.33,0.3,160,36,3250,600,150,4,2.7,2.7,3,0.419,100,100,70,1.17,1.17,1.1,592,3,133
28,0.13,56,14,0.16,205,24,3400,750,65,8.82,4.5,4.5,4,0.347,50,50,25,1.084,1.084,1,762,3,60
23,0.116,5,3.13,0.45,156,35,2200,460,100,4.62,1.4,1.4,2.5,0.45,90,70,10,1.088,1.088,1.105,510,3,79
37,0.179,50,32.05,0.17,205,33,3280,876,85,7.95,1.92,1.92,1.6,0.362,78,78,32,1.095,1.095,1.1,677,3,103
21,0.34,26,50,0.499,124,49.7,3000,1650,1000,1.65,0.63,0.63,0.62,0.58,1260,1260,610,1.46,1.48,1.42,471,3,92
15,0.325,500,25,0.3,100,20.4,350,350,30,11.07,20,20,45,0.773,500,500,25,1.16,1.16,1.01,1600,3,406
18.5,0.769,288,28.8,0.333,110,21,820,800,100,8,10,10,25,0.69,250,250,50,1.1,1.1,1.01,1530,3,738
10.6,0.32,98,188.46,0.45,190,41,2130,2130,200,10.65,0.52,0.52,0.79,0.355,540,540,75,1.284,1.284,1.112,893,3,344
13,0.153,460,115,0.26,138,25,1825,1825,100,10.25,4,4,5,0.555,270,270,18,1.129,1.129,1.04,1620,3,655
13,0.065,21,8.54,0.328,98,36,1950,1041,100,10.41,2.75,2.75,4,1.043,254,254,80,1.125,1.125,1.06,709,3,87
50,0.139,5,3.73,0.25,98,32,1865,1865,200,9.33,1.34,1.34,3.3,0.917,500,500,130,1.245,1.245,1.1,303,3,36
23.5,0.198,28.2,28.78,0.248,136,35.2,3040,2060,100,20.6,1.1,1.1,2,0.653,603,603,110,1.319,1.319,1.19,612,3,93
19,0.203,268,412.31,0.504,125,42,1700,900,170,5.29,0.75,0.75,0.92,0.576,270,270,50,1.15,1.15,1.06,663,3,206
16,0.15,33,22.45,0.435,97,36,2385,2285,100,22.85,1.47,1.47,4,0.997,441,441,30,1.178,1.178,1.1,755,3,82
50,0.354,29,13.3,0.32,95,29,1300,752,200,3.76,2.26,2.26,2.65,0.793,380,380,100,1.26,1.28,1.19,620,3,233
120,0.35,1620,4500,0.19,128,14,1040,750,370,2.03,0.42,0.42,0.28,0.601,86,86,30,1.034,1.034,1.05,2146,3,298
270,0.32,700,66.67,0.27,149,18.3,1409,1300,210,6.19,11,11,21.8,0.487,185,185,80,1.105,1.105,1.04,1786,3,425
300,0.28,445,404.55,0.29,166,29,1650,1307,230,5.68,1.2,1.2,1,0.423,300,300,30,1.14,1.14,1.11,1590,3,424
101,0.26,125,46.3,0.43,199,22,2151,1900,100,10,2.7,2.7,3.7,0.328,320,320,10,1.2,1.2,1.03,958,3,110
107,0.24,100,47.62,0.47,233,27.4,2700,2700,1000,27,2.1,2.1,12,0.264,480,480,90,1.3,1.3,1.045,759,3,100
30,0.08,0.1,0.2,0.35,135,37,2675,2675,800,3.34,0.51,0.51,0.91,0.65,817,817,362,1.454,1.454,1.252,277,3,16
11,0.17,45.6,15.2,0.4,76,45,950,950,50,19,3,3,5,0.994,420,420,100,1.2,1.2,1.05,659,3,132
25,0.172,6.7,7.36,0.45,75,48,900,900,50,18,0.91,0.91,1.27,1.25,575,575,80,1.23,1.23,1.08,597,3,100
38,0.158,7.5,2.5,0.35,90,42,1500,1500,50,30,3,3,4.5,0.921,1000,1000,50,1.45,1.45,1.03,542,3,186
24,0.18,63,52.5,0.3,119,38,1365,1365,100,13.65,1.2,1.2,4,0.785,350,350,100,1.25,1.25,1.04,782,3,141
43,0.168,100,35.71,0.28,118,40,1200,1200,50,24,2.8,2.8,3,0.797,390,390,50,1.2,1.2,1.05,794,3,193
28,0.14,35,70,0.4,127,44.4,2060,2060,100,20,0.5,0.5,3,0.732,860,860,100,1.471,1.471,1.04,443,3,103
60.7,0.148,61,20.33,0.29,132,41,1980,1004,200,5.02,2,2,4.5,0.612,320,320,170,1.26,1.26,1.13,647,3,159
21.7,0.15,35,31.82,0.25,158,38,2025,2025,200,10.13,1.1,1.1,6.5,0.438,450,450,100,1.84,1.84,1.02,703,3,78
61,0.069,5.3,15.14,0.35,124,43.1,3071,2200,300,7.33,0.3,0.3,0.84,0.762,1415,1415,400,1.8,1.8,1.3,189,3,28
60,0.073,4.3,14.33,0.38,130,44,3157,2300,450,5.11,0.34,0.34,0.7,0.582,1500,1500,450,1.298,1.298,1.35,204,3,153
18,0.179,10.6,11.52,0.38,103,40,2560,2090,400,5.23,0.96,0.96,1.75,0.799,615,615,200,1.369,1.369,1.15,683,3,80
31,0.158,3.4,6.8,0.38,123,39,2885,1940,500,3.68,0.55,0.55,1.25,0.93,710,710,325,1.07,1.07,1.225,675,3,148
15,0.15,157.4,52.47,0.25,82,30.5,740,740,300,2.47,3,3,3.7,0.921,275,275,125,1.53,1.53,1.05,802,3,245
23,0.18,250,217.39,0.37,83,42,750,732,75,9.76,1.15,1.15,1.67,0.962,303,303,90,1.09,1.09,1.07,686,3,140
13,0.15,68,22.67,0.37,80,37,750,750,250,3,3,3,3.8,0.941,190,190,100,1.09,1.09,1.05,688,3,129
15.5,0.153,68,22.67,0.252,82,37,7230,750,300,2.5,0.52,0.52,3.7,0.267,196,196,125,1.487,1.487,1.06,472,3,141
28,0.128,79,225.71,0.276,225,40,4700,2692,1000,2.69,0.4,0.4,0.55,0.346,859,859,400,1.09,1.09,1.35,678,3,165
15,0.115,20.6,58.86,0.175,186,36,3755,500,300,1.67,1.12,1.12,0.6,0.416,100,100,50,1.274,1.274,1.02,1540,3,613
110.6,0.305,650,580.36,0.17,174,29,3620,3755,1000,3.76,1.5,1.5,2.13,0.422,570,570,155,1.272,1.272,1.123,1464,3,908
25,0.32,300,200,0.25,172,27,9030,4808,2000,1.81,0.1,0.1,2.1,0.243,500,500,300,2.401,2.401,1.145,469,3,214
17.4,0.22,10,142.66,0.34,270,49,1259,518,4808,1,1.73,1.73,0.07,0.363,2741,2741,2741,1.096,1.096,2.75,1067,3,250
9.6,0.196,269,165,0.23,178,34,1556,1556,45,11.51,0.82,0.82,2.03,0.6,92,92,18,1.216,1.216,1.071,1395,3,460
4.5,0.31,1070,1304.88,0.3,135,40,1470,1470,125,12.45,0.76,0.76,1.62,0.6,446,446,117,1.224,1.224,1.07,1300,3,437
17,0.27,250,328,0.24,135,41,4904,3771,100,14.7,0.24,0.24,1.85,0.304,450,450,220,1.82,1.82,1.08,380,3,190
14,0.228,91,364,0.6,251,41,3145,635,800,4.71,3.27,3.27,0.4,0.359,1335,1335,29,1.116,1.116,1.27,1401,3,77
28,0.224,300,110.7,0.2,206,26.8,1815,1815,133,4.77,1.27,1.27,3.67,0.35,103,103,359,1.166,1.166,1.083,1140,3,98
26,0.213,200,181.82,0.15,210,32.8,3115,3123,1600,1.13,0.54,0.54,1.16,0.318,353,353,172,1.565,1.565,1.27,328,3,137
234,0.11,15,30,0.4,200,37,3925,1558,485,6.44,0.5,0.5,1.09,0.73,909,909,172,1.346,1.346,1.083,537,3,230
17.5,0.143,21.5,44.79,0.35,131,40,1720,1480,50,31.16,0.55,0.55,1.2,0.792,550,550,100,1.372,1.372,1.225,854,3,127
13.1,0.136,57,103.64,0.28,122,39.9,1480,1915,50,29.6,0.58,0.58,1.2,0.71,635,635,100,1.45,1.45,1.222,715,3,96
19,0.192,417,718.07,0.3,134,40,1915,1400,50,38.3,1.17,1.17,1.5,0.859,810,810,90,1.295,1.295,1.163,517,3,137
19,0.125,15,12.93,0.308,118,42,1673,1501,100,14,0.7,0.7,1.44,0.617,533,533,135,1.272,1.272,1.12,440,3,230
10,0.085,3,3.19,0.287,135,40,3300,2830,100,15.01,0.44,0.44,1.3,0.723,453,453,410,1.656,1.656,1.16,601,3,127
70,0.172,2.2,42.5,0.276,122,44.8,4011,1733,510,5.55,0.46,0.46,0.82,0.46,1270,1270,400,1.495,1.495,1.06,386,3,96
46,0.12,17,48.78,0.36,165,37.8,3925,2164,500,3.47,0.54,0.54,0.56,0.301,867,867,231,1.405,1.405,1.09,579,3,100
40,0.14,20,105.65,0.25,229,35,1230,1230,480,4.51,1.6,1.6,0.87,0.591,631,631,35,1.18,1.18,1.276,1175,3,82
50,0.28,90,56.88,0.35,135,28,1285,1285,50,24.6,3.08,3.08,3.18,0.502,298,298,29,1.123,1.123,1.328,1480,3,100
420,0.3,91,62.66,0.27,144,43,2855,2855,140,9.18,0.29,0.29,5.1,0.335,213,213,200,1.5,1.5,1.255,497,3,410
16,0.2,193,86.21,0.52,202,30,3640,3640,500,5.71,1.17,1.17,0.53,0.361,825,825,110,1.24,1.24,1.075,700,3,250
26,0.19,25,63.25,0.39,200,39,3640,1605,800,4.55,0.8,0.8,2,0.643,460,460,135,1.343,1.343,1.059,740,3,115
17,0.164,74,5.11,0.22,124,34,1935,1100,100,16.05,1.6,1.6,1.76,0.864,565,565,40,1.173,1.173,1.21,474,3,113
130,0.093,4.6,6.09,0.177,94,42,1800,1383,100,11,0.78,0.78,2.7,1.06,360,360,300,1.26,1.26,1.15,790,3,91
28,0.233,10,63.64,0.449,83,30.7,1412,1490,350,3.95,1.65,1.65,1.3,0.814,575,575,75,1.21,1.21,1.167,942,3,33
14,0.148,60,153.33,0.35,200,40,1490,500,100,14.9,1,1,6.5,0.312,400,400,50,1.25,1.25,1.05,600,3,94
24,0.23,138,226.4,0.25,166,39,1300,251,50,10,1.36,1.36,1.3,0.401,300,300,31,1.057,1.057,1.15,869,3,212
10,0.18,283,178.57,0.29,200,27.5,1328,689,100,2.51,0.89,0.89,1.31,0.318,44,44,95,1.27,1.27,1.167,876,3,120
182,0.178,150,30.35,0.195,110,27,1190,1190,100,6.89,5.7,5.7,1.04,0.825,258,258,12,1.115,1.115,1.143,942,3,200
70,0.159,173,4.04,0.172,137,33,1460,1383,50,23.8,11.05,11.05,16.2,0.638,210,210,23,1.1,1.1,1.072,903,3,180
26,0.142,43.8,100.78,0.15,174,38,2082,775,100,13.83,1.29,1.29,12.35,0.374,216,216,80,1.171,1.171,1.15,780,3,100
35,0.138,130,13.26,0.365,122,36,1670,1670,70,11.07,0.85,0.85,2.3,0.595,212,212,100,1.23,1.23,1.065,576,3,133
28,0.154,12.6,8.96,0.213,160,36,2113,2113,100,16.7,2.1,2.1,3,0.43,450,450,50,1.186,1.186,1.18,641,3,40
64.5,0.2,21.5,65,0.3,112,37,750,750,200,10.57,1,1,4.7,0.672,430,430,16,1.21,1.21,1.02,1008,3,321
80,0.15,65,22.14,0.308,110,39,600,600,10,75,1.4,1.4,3.5,0.677,330,330,30,1.14,1.14,1.03,714,3,184
12,0.18,31,77.78,0.45,170,43,2082,1085,20,30,0.45,0.45,2.3,0.401,240,240,300,1.537,1.537,1.04,507,3,86
10,0.175,24,63.16,0.4,170,40,2000,1550,300,6.65,0.39,0.39,0.9,0.4,710,710,320,1.47,1.47,1.275,532,3,125
8,0.29,249,383.08,0.2,227,35,4804,3665,300,5.17,0.72,0.72,0.53,0.301,690,690,165,1.325,1.325,1.3,1400,3,270
17,0.22,326,857.89,0.2,226,40.5,5896,2000,1000,3.67,0.45,0.45,1.09,0.303,575,575,575,1.35,1.35,1.152,1015,3,334
9.1,0.145,160,177.78,0.245,127,40.2,2254,1732,2700,0.74,1,1,0.4,0.756,685,685,32,1.347,1.347,1.4,839,3,189
16,0.3,175,3.87,0.44,76,22,700,700,50,34.64,45.7,45.7,46.5,1.121,78,78,54,1.038,1.038,1.043,1250,3,137
8,0.108,30,32.61,0.1,150,30,3885,1869,400,1.75,1.06,1.06,1.54,0.464,498,498,175,1.263,1.263,1.032,600,3,36
45,0.15,3,11.11,0.12,130,43,3155,3155,400,4.67,0.27,0.27,0.87,0.552,1249,1249,273,1.68,1.68,1.154,608,3,49
12,0.112,440,427.18,0.3,124,41,1120,1120,400,7.89,1.03,1.03,1.35,0.617,412,412,225,1.245,1.245,1.228,480,3,83
29,0.234,65,191.18,0.59,248,39,4837,2150,600,2.8,0.45,0.45,0.57,0.318,555,555,172,1.337,1.337,1.167,564,3,138
24.3,0.267,4.3,9.56,0.6,126,45,1510,1510,200,3.58,0.45,0.45,0.8,0.595,447,447,200,1.232,1.232,1.228,674,3,87
22,0.2,500,1250,0.23,220,33,8350,6000,2550,2.26,0.46,0.46,0.72,0.305,1155,1155,330,1.551,1.551,1.29,1117,3,256
34,0.172,289,284.55,0.165,143,31.6,2715,1100,2500,1.09,3.25,2.8,3.2,0.645,254,254,254,1.256,1.229,1.253,896,4,272
6,0.269,243,322.24,0.3,210,41,3720,3690,1485,2.51,0.46,0.47,0.61,0.316,842,842,304,1.457,1.453,1.192,1007,4,277
23,0.131,76.4,67.45,0.23,252,35.8,2774,262,1600,1.73,1.28,1.02,1.13,0.239,0,60,0,1.111,1.137,1.123,715,4,214
6,0.168,200,160.7,0.35,117,33.6,1400,80,730,1.92,4.3,4,4.1,0.628,10,10,0,1.02,0,0,955,4,508
12,0.25,2000,189.19,0.3,182,38,4280,3180,3900,1.1,0.74,0.58,0.7,0.439,719,719,719,1.28,1.37,1.3,998,4,550
47,0.321,200,208.45,0.25,144,20.6,1799,1739,1500,1.18,6.2,6.2,6.4,0.609,193,193,178,1.101,1.25,1.1,1800,4,1171
59,0.28,1860,1981.12,0.28,191,21,4950,3280,3000,1.65,2.15,2.11,2.29,0.357,472,472,387,1.226,1.226,1.589,1251,4,546
25,0.3,1000,1309.52,0.2,180,35,4335,4395,3630,1.13,0.42,0.42,0.55,0.448,940,940,884,1.48,1.48,1.5,1275,4,1050
16,0.27,144,155.37,0.23,172,25,3754,3754,3400,1.1,1.14,1.14,1.23,0.465,565,565,504,1.262,1.262,1.243,1278,4,1100
60,0.3,25.8,34.08,0.25,178,31.3,4002,4092,2900,1.41,0.81,0.81,1.07,0.409,844,844,448,1.205,1.205,1.222,1348,4,723
58,0.282,250,365.08,0.178,210,32.5,4610,4010,2500,1.84,0.83,0.83,0.92,0.342,760,760,418,1.149,1.149,1.234,1289,4,866
48,0.23,2150,2128.5,0.1,169,27,3529,3048,3350,1.05,2,1.94,1.98,0.504,418,418,418,1.36,1.36,1.207,1333,4,750
16,0.309,210,273,0.3,134,30,1538,1538,10000,1.54,1,1,1.3,0.607,300,300,150,1.6,1.6,1.087,1459,4,30
6,0.3,100,109,0.45,188,36,4282,3500,3000,1.42,0.55,0.5,0.6,0.402,750,750,640,1.36,1.36,1.33,909,4,750
18,0.25,200,210,0.25,192,37,4385,4250,4000,1.09,0.4,0.4,0.42,0.397,900,900,850,1.6,1.6,1.5,900,4,718
28,0.28,400,372,0.3,200,38.5,4815,3850,3800,1.21,0.43,0.4,0.4,0.37,755,755,755,1.38,1.38,1.39,1100,4,540
24,0.3,200,200,0.4,220,28,10920,7500,10000,1.09,0.7,0.4,0.7,0.342,1200,1200,1200,1.51,1.51,1.52,924,4,488
22,0.25,50,50,0.5,260,25.5,12800,9920,99999,1.28,0.4,0.3,0.4,0.287,1470,1470,1470,1.59,1.59,1.6,610,4,342
25,0.139,169.7,148.49,0.384,251,48,5680,5075,5350,1.06,0.08,0.07,0.07,0.359,2719.8,2719.8,2719,2.615,2.615,2.627,242,4,158
82,0.324,1668,2502,0.37,178,33,2891,2497,1950,1.38,0.8,0.8,1.2,0.455,518,518,462,1.287,1.287,1.3,1250,4,472
12,0.29,2000,2344.83,0.29,190,38,3850,2884,1800,2.03,0.58,0.42,0.68,0.462,6280,6280,592,1.385,1.385,1.3,1153,4,779
71,0.2,370,303.59,0.224,252,38,5000,3100,2000,2.5,0.39,0.24,0.32,0.237,894,894,0,1.52,1.52,1.38,1300,4,268
151,0.228,250,372.88,0.17,190,35,2450,2480,750,3.27,0.59,0.58,0.88,0.349,670,670,215,1.44,1.44,1.15,1035,4,510
112,0.154,66,135.74,0.4,230,30,4080,4015,1000,4.08,0.53,0.53,1.09,0.257,735,735,160,1.413,1.413,1.128,508,4,189
16,0.31,474,484.38,0.33,180,35.8,2890,887,800,4.48,1.37,1.35,1.4,0.357,210,210,145,1.15,1.15,1.15,1401,4,475
98,0.32,300,342.66,0.3,206,38.6,4915,4860,4200,1.17,0.28,0.26,0.32,0.369,1194,1194,1080,1.623,1.623,1.53,1071,4,493
27,0.2,190,197.6,0.26,165,39.3,3283,2800,2350,1.39,0.5,1.48,0.52,0.519,701,701,566,1.35,1.35,1.3,828,4,530
85,0.3,2000,2461.54,0.162,190,34.1,4309,3020,2500,1.72,0.65,0.6,0.8,0.429,825,825,525,1.95,1.95,1.25,1445,4,840
79,0.25,395,556.09,0.25,128,27.3,1750,1750,300,5.83,1.79,1.79,2.52,0.634,400,400,300,1.216,1.216,1.05,1198,4,530
14.5,0.164,390,342.86,0.306,208,45,3425,1110,220,15.57,0.91,0.73,0.8,0.431,288,288,130,1.248,1.248,1.14,708,4,260
8.4,0.324,2360,2231.27,0.25,134,27.1,2585,1000,2000,1.29,4.95,4.18,4.08,0.884,640,640,840,1.06,1.06,1.07,1398,4,650
11,0.34,400,426.57,0.25,169,29,2750,2750,2600,1.06,1.4,1.4,1.5,0.482,4500,4500,420,1.19,1.19,1.05,1858,4,950
31,0.299,434,453.73,0.23,173,36,3485,3485,2800.9,1.24,0.44,0.44,0.46,0.405,750,750,850,1.37,1.37,1.3,1045,4,811
35,0.295,454,567.5,0.43,177,38,3500,3500,1800,1.94,0.48,0.48,0.6,0.3381,880,880,720,1.4,1.4,1.2,1032,4,892
8,0.31,795,939.55,0.53,163,35,3500,3500,2000,1.75,0.44,0.44,0.52,0.44,880,880,750,1.16,1.16,1.25,1537,4,500
41,0.328,1200,1527.27,0.25,155,36,1800,1800,800,2.25,1.1,1.1,1.1,0.472,394,394,0,1.2,1.2,1.144,1592,4,77
20,0.34,583,664.39,0.24,149,25,235,2325,1900,1.22,2.3,2.3,2.7,0.507,200,200,260,1.18,1.18,1.13,1700,4,750
60,0.3,1000,1027.78,0.3,135,25,1980.1,1960,1850,1.06,3.6,3.6,3.7,0.559,251,251,240,1.1,1.1,1.09,1500,4,950
18.4,0.32,1200,2000,0.25,184,40,2400,2490,1800,1.58,0.36,0.4,0.6,0.388,600,600,400,1.344,1.344,1.25,1222,4,907
46,0.26,2200,2200,0.11,147,21,1985,80,1600,1.92,22.5,22.5,22.5,0.472,11,11,11,1.02,1.02,1.02,1800,4,600
600,0.275,3000,3000,0.13,168,24,1985,1985,1750,1.13,4,4,4,0.392,370,370,0,1.223,1.223,1.121,1530,4,990
9,0.29,1000,1098.59,0.21,178,34.8,3225,225,2600,1.24,0.71,0.71,0.78,0.478,585,585,432,1.91,1.91,1.179,1335,4,750
13,0.222,475,712.5,0.248,131,38,1115,1115,600,1.86,1,1,1.5,0.543,358,0,0,1.2,1.2,0,1028,4,365
121,0.147,193,162.93,0.118,105,22.1,1585,800,651,0.41,11.5,10.8,11,0.715,162,162,133,1.092,1.092,1.175,867,4,158
33,0.159,140,103.16,0.112,112,21.1,1565,750,700,2.24,19,13.8,14,0.884,128,128,120,1.088,1.088,1.089,948,4,166
80,0.2,584,817.16,0.45,105,35,2000,2000,200,10,2.5,2.5,3.5,0.897,400,400,50,1.12,1.12,1.051,762,4,125
17,0.19,58,56,0.35,123,36,1701,750,100,17,3.5,3.5,3.5,0.598,117,117,50,1.08,1.08,1.03,872,4,135
46,0.125,23,48,0.3,123,22,1950,1900,100,1014,10,9,0.5,0.5,450,450,50,1.22,1.22,0.11,558,4,480
48,0.17,168,156.26,0.29,214,52,4070,477,3560,1.14,0.43,0.32,0.4,0.316,139,139,140,1.177,1.177,1.22,796,4,350
45,0.18,170,170,0.25,125,38,2800,3000,2000,1.4,3,3,0.3,0.58,3000,3000,501,12,12,1.1,875,4,350
63,0.146,7,4.57,0.31,225,80,3638,575,3100,1.17,0.23,0.14,0.15,0.208,141,141,140,1.207,1.207,1.22,646,4,122
6,0.35,847,1482.25,0.31,104,19,720,720,600,1.2,16,16,28,0.7,80,0,0,1.04,1.04,1,1801,4,992
18,0.32,600,2000,0.4,105,20,650,650,50,13,15,15,50,0.723,250,0,0,1.1,1.1,1,1350,4,870
14,0.32,450,531.82,0.28,209,40,3853,2107,1000,3.65,0.44,0.38,0.52,0.305,525,525,276,1.923,1.923,1.24,1351,4,602
10,0.34,850,1983.33,0.4,98,20,550,500,100,5.5,15,15,35,0.786,225,225,50,1.08,1.08,1.02,1493,4,300
9,0.29,164,191.85,0.34,158,29,2325,2325,1000,2.33,1.08,1.06,1.24,0.457,340,340,149,1.21,1.21,1.14,1257,4,500
16,0.31,349,370.81,0.4,174,42,2658,2658,2300,1.18,0.8,0.8,0.85,0.404,500,500,450,1.35,1.35,1.3,1089,4,375
11,0.302,634,675.8,0.31,171,32,2687,2667,1900,1.4,0.91,0.91,0.97,0.41,578,578,405,1.4,1.4,1.31,1155,4,760
47.5,0.319,1000,1136.36,0.33,160,24.7,2364,2364,1650,1.43,1.32,1.32,1.5,0.404,325,325,325,1.16,1.16,1.128,1429,4,840
35,0.35,600,2100,0.3,85,20,500,500,70,7.14,10,10,35,0.91,600,600,100,1.12,1.12,1.05,1897,4,696
23,0.298,200,248.48,0.35,178,40.5,2705,2795,1900,1.47,0.33,0.33,0.41,0.39,676,676,469,1.395,1.395,1.311,1077,4,700
32,0.285,1000,1142.86,0.3,105,26,8500,850,100,8.5,17.5,17.5,21,0.727,200,200,50,1.07,1.07,1.01,1446,4,670
16,0.35,5000,5454.55,0.35,179,42,2709,2680,2000,1.4,44,0.45,0.48,0.406,737,737,517,1.391,1.391,1.318,1257,4,733
42,0.11,39,46.09,0.26,130,460,3020,1678,1000,9.02,0.33,0.28,0.39,0.595,1046,1046,750,1.591,1.591,1.48,395,4,174
50,0.277,500,526.32,0.225,164,33,2021,0,200,10.11,3.8,0,4,0.502,100,100,0,1.15,1.15,1.05,1433,4,884
27,0.258,572,0,0.2,159,45,1875,0,1550,1.08,0.55,0,0,0.482,403,403,0,170,170,0,1315,4,679
31,0.232,285,293.64,0.3,220,39,2805,2580,2700,1.06,0.33,0.35,0.34,0.305,720,720,100,1.4,1.4,1.12,900,4,302
16,0.279,440,593.49,0.25,222,41.8,4500,2000,700,8.43,0.43,0.34,0.58,0.286,500,500,95,180,180,1.13,1258,4,561
23.1,0.32,1458,1574.64,0.3,202,35,3788,3788,2900,1.31,50,0.5,0.54,0.32,785,785,200,1.46,1.46,1.17,1190,4,857
10,0.3,600,240,0.35,164,40,2493,1200,300,8.31,2.5,1.1,1,0.503,195,195,175,1.15,1.15,1.05,1440,4,666
20,0.13,12,9.27,0.43,188,38,3730,380,250,14.92,2.2,1.8,1.7,0.34,84,84,60,1.09,1.12,1.09,527,4,150
280,0.245,500,576.19,0.43,135,26,1753,1753,1100,1.59,4.2,4.2,4.84,0.544,354,354,258,1.187,1.187,1.152,913,4,280
98,0.31,400,486.38,0.19,168,32,3515,3515,2000,1.76,0.68,0.88,1.07,0.432,571,571,315,1.28,1.28,1.18,1522,4,648
19,0.31,300,300,0.2,162,30,3300,2743,2800,1.18,1.4,1.4,1.4,0.466,417,417,417,1,1,1,1603,4,1052
42,0.33,300,380.67,0.22,168,32,3400,3400,2000,1.7,0.89,0.89,1.07,0.433,582,582,344,1.285,1.285,1.195,1548,4,1109
24,0.31,300,407.89,0.24,168,24,3721,3721,2000,1.86,2.28,2.28,3.1,0.453,410,410,235,1.193,1.193,1.131,1504,4,780
18,0.31,300,485.71,0.27,158,27,3334,3334,1400,2.38,2.1,2.1,3.4,0.481,0,0,0,1.19,1.19,1.11,1475,4,823
35,0.32,1000,1000,0.1,175,37,3550,3550,3400,1.04,0.6,0.6,0.8,0.489,700,700,670,1.33,1.33,1.33,1880,4,1370
23,0.3101,300,350,0.31,1167,29,3849,36490,2000,1.82,1.2,1.2,1.4,0.474,819,819,411,1.24,1.24,1.141,1338,4,803
24,0.33,1000,1000,0.146,150,42,4300,4300,4300,1,0.17,0.17,0.17,0.415,1580,1580,1580,1.832,1.832,1.832,1202,4,902
389,0.249,2000,2133.33,0.07,246,33,8830,6630,6200,1.07,0.15,0.15,0.16,0.345,1320,1320,1140,1.631,1.631,1.55,1099,4,723
36,0.32,1000,1000,0.1,158,91,3100,1700,3100,1,0.5,0.5,0.5,0.504,230,230,230,1.14,1.14,1.141,1980,4,1470
94,0.285,500,500,0.1,205,92,5100,3020,4000,1.04,0.6,0.6,0.8,0.377,700,700,700,1.38,1.38,1.832,1432,4,1085
18,0.223,100,188.42,0.18,267,55,7643,59750,3200,2.39,0.19,0.19,0.32,0.31,1350,1350,895,1.74,1.74,1.31,815,4,445
30.3,0.3,800,800,0.38,140,23,1650,480,1500,1.1,24,24,24,0.551,759,759,75,1.05,1.05,1.05,1441,4,144
200,244,408,858.8,0.299,183,40,2928,2928,500,5.86,0.3,0.3,0.83,0.359,830,830,170,1.48,1.48,1.12,889,4,259
38,0.29,4000,4000,0.25,165,32,3255,3255,3000,1.09,0.8,0.8,0.8,0.484,651,651,651,1.285,1.285,1.85,1348,4,822
40,0.224,401,574.77,0.218,188,44,2744,2744,300,9.15,30,30,0.43,0.347,958,958,255,1.5118,1.5118,1.215,889,4,173
21.2,0.198,880,1129.18,0.435,118,41.6,1414,1383,1000,14.14,0.83,0.83,1.42,0.788,485,485,133,1.26,1.26,1.12,695,4,187
13.2,0.221,648,1108.83,0.42,118,41,1414,1383,100,14.14,0.83,0.83,1.42,0.792,485,485,153,1.26,1.26,1.112,730,4,125
240,0.294,2597,3165.09,0.17,135,35,1230,1230,50,1.64,1.6,1.6,1.95,0.501,298,298,200,1.18,1.18,1.14,1810,4,1370
28,0.33,2486,3018.71,0.25,144,24,1080,1980,1600,1.24,7,7,8.5,0.542,265,265,200,1.12,1.12,1.1,1714,4,950
28,0.289,1682,2204,0.2,172,39,2695,2695,2000,1.35,0.29,0.29,0.38,0.431,690,690,490,1.98,1.98,1.295,1308,4,742
27,0.288,1667,2083.9,0.37,180,30,2885,2885,2400,1.2,0.21,0.21,0.26,0.409,825,825,675,1.46,1.46,1.395,984,4,617
35,0.298,972,999.77,0.226,214,37,3895,3695,3400,1.09,0.35,0.35,0.38,0.293,842,842,782,1.502,1.502,1.48,1190,4,774
39,0.252,2098,2031.75,0.141,140,39,1820,755,1190,1.38,0.95,0.95,0.92,0.519,385,385,385,1.22,1.22,1.24,1368,4,1094
336,0.31,900,900,0.195,160,31.6,2740,2740,2740,1,0.75,0.75,0.75,0.497,420,420,420,1.205,1.205,1.205,1864,4,1039
151,0.31,1095,1357.8,0.244,170,31.6,2740,2740,2000,1.37,0.75,0.75,0.93,0.458,485,485,343,1.229,1.229,1.82,1479,4,805
13,0.3,2700,3115.38,0.3,157,45.7,2350,2350,1900,1.24,0.28,0.28,0.3,0.516,1030,1030,800,1.555,1.555,1.435,1048,4,385
12,0.25,1000,1120,0.3,171,46,2850,2850,2300,1.35,0.25,0.25,0.28,0.463,1170,1170,990,1.895,1.895,1.547,632,4,333
215,0.33,870,1285.45,0.28,115,24.5,1150,1150,500,2.3,5.5,5.5,8,0.728,225,225,115,1.13,1.13,1.05,1631,4,827
285,0.34,2600,4680,0.15,105,20.1,1300,1300,500,2.6,25,25,45,0.812,146,146,50,1.088,1.088,1.046,2062,4,1367
81,0.155,100,100,0.1,85,24,1030,50,1030,1,35,35,35,0.894,15,15,15,1.015,1.015,1.015,1070,4,584
20.7,0.169,297,297,0.131,100,33.7,1616,45,100,18.16,3.8,3.8,3.6,0.752,2,2,2,1.02,1.02,1.02,1114,4,461
180,0.15,106,104.11,0.1,125,25,1121,292,5000,1.12,11.2,11.2,11,0.577,51,51,51,1.048,1.048,1.05,1000,4,335
73,0.248,638,6313,0.25,81,14,210,50,200,1.05,900,900,900,0.942,30,30,30,1.01,1.01,1.01,1449,4,115
38,0.2,195,18720,0.26,150,35,1862,810,500,9.32,2.5,2.5,2.4,0.466,180,180,130,1.13,1.13,1.12,1012,4,497
33,0.1,114,161.5,0.28,140,34,1300,1300,800,2.17,1.2,1.2,1.7,0.503,480,480,220,1.25,1.25,1.14,857,4,300
35,0.23,410,518.67,0.27,134,27,2486,100,500,4.97,8.3,8.3,10.5,0.543,50,50,50,1.05,1.05,1.055,930,4,298
112,0.135,85,85,0.1,146,21.6,3124,0,500,8.25,26,26,26,0.474,0,0,0,1.04,1.04,1.04,905,4,401
91,0.127,90,78,0.2,175,27,2230,44,800,3.72,8,8,5.2,6.379,0,0,0,1.05,1.05,1.04,750,4,400
90,0.2,400,320.41,0.17,85,35,1267,84,500,2.53,3.4,3.4,2.8,0.894,4,4,4,0.99,0.99,1.003,1595,4,904
8,0.298,106,183.75,0.5,152,33,2636,1500,1900,1.39,1.6,1.6,1.5,0.464,285,285,285,1.15,1.15,1.155,1007,4,696
15,0.282,562,728.05,0.307,208,35,4889,4889,3500,1.4,0.44,0.44,0.57,0.354,1000,1000,670,1.151,1.151,1.351,1000,4,598
7,0.274,236,25570,0.405,183,49,3775,795.1,3200,1.18,0.16,0.16,0.16,0.418,1960,1960,1080,2.196,2.196,2.204,535,4,219
17,0.22,326,289.78,0.2,226,40.5,5896,2000,2700,2.18,0.45,0.45,0.4,0.303,575,575,575,1.35,1.35,1.4,1015,4,334
13.3,0.35,1900,2137.5,0.28,182,40.4,2205,2174,1785,1.24,0.48,0.48,0.54,0.405,459,459,388,1.246,1.246,1.21,1607,4,314
12.2,0.352,2800,2853.7,0.2,160,36.4,2981,2380,2700,1.1,0.64,0.64,0.83,0.494,720,720,720,1.34,1.34,1.34,1439,4,783
94,0.242,191,238.75,0.278,182,35,2055,2055,1800,1.84,0.44,0.44,0.55,0.427,870,870,540,1.44,1.44,1.272,940,4,224
11.8,0.234,3814,0,0.3,113,42,2095,5340,800,2.82,0.65,0.65,0,0.779,344,0,0,1.218,1.218,0,1034,4,517
41,0.18,180,167.59,0.32,262,48,8800,1849,8000,1.13,0.29,0.29,0.27,0.372,942,942,942,1.715,1.715,1.73,714,4,400
17,0.205,256,258,0.15,228,37,3793,3070,3100,1.22,0.5,0.5,0.5,0.355,900,900,650,1.54,1.54,1.43,878,4,478
39,0.252,20913.66,2008,0.141,148,39,1620,740,1000,1.82,1,1,1,0.523,1,1,1,1.28,1.28,1.27,1332,4,1081
227,0.32,580,641.7,0.14,200,29,5265,5150,4500,1.17,0.47,0.47,0.52,0.403,915,915,747,1.457,1.457,1.408,1485,4,882
30,0.29,500,978.72,0.22,1130,32,4750,4750,1700,2.79,0.47,0.47,0.92,0.367,777,777,290,1.43,1.43,1.2,1225,4,762
62,0.158,140,120.24,0.39,124,27.4,2082,560,1100,1.895,8.5,6.6,7.3,0.612,0,73,0,1.084,1.075,1.072,694,4,271
250,0.24,900,0,0.35,155,36,1511.1,0,100,15.6,1.15,0,0,0.454,600,600,0,1.35,0,0,977,4,448
